"content","annotation__label__001","annotation__label__002","annotation__label__003","annotation__label__004","annotation__label__005","annotation__notes","annotation__points__x","annotation__points__y","annotation__imageWidth","annotation__imageHeight","extras","metadata__first_done_at","metadata__last_updated_at","metadata__sec_taken","metadata__last_updated_by"
"http://com.dataturks.a96-i23.open.s3.amazonaws.com/2c9fafb06477f4cb0164895548a600a3/66127d05-93eb-498f-bac3-85a19bcbbbc7___2538464.main_image.jpg.jpeg","Emotion_Happy","Age_below20","E_White","G_Male","","","0.19876868953386104","0.23148148148148148","1300","741","null","1531657992000","1531657992000","23","HWbICv9u4uSnWrU830DjuF7FfMK2"
"","","","","","","","0.3245382585751979","0.45987654320987653","","","","","","",""
"","Emotion_Happy","Age_20_30","E_White","G_ Female","","","0.6024626209322779","0.16049382716049382","1300","741","","","","",""
"","","","","","","","0.7361477572559367","0.36882716049382713","","","","","","",""
"http://com.dataturks.a96-i23.open.s3.amazonaws.com/2c9fafb06477f4cb0164895548a600a3/e3f39fd4-8888-4eea-a49d-038f70a8c540___instagram-famous-clothing-stores.jpg.jpeg","Emotion_Happy","Age_20_30","E_Hispanic","G_ Female","","","0.1662269129287599","0.17150395778364116","500","500","null","1531720527000","1531720527000","32","HWbICv9u4uSnWrU830DjuF7FfMK2"
"","","","","","","","0.3245382585751979","0.3254177660510114","","","","","","",""
"","Emotion_Happy","Age_20_30","E_White","G_ Female","","","0.5241864555848724","0.11345646437994723","500","500","","","","",""
"","","","","","","","0.6693051890941073","0.2796833773087071","","","","","","",""
"","Emotion_Happy","Age_20_30","E_White","G_ Female","","","0.7475813544415127","0.13720316622691292","500","500","","","","",""
"","","","","","","","0.8979771328056289","0.2796833773087071","","","","","","",""
"http://com.dataturks.a96-i23.open.s3.amazonaws.com/2c9fafb06477f4cb0164895548a600a3/70f5af4f-f97e-42b7-a63d-690167fdf1e9___screen-shot-2014-03-05-at-12-33-12-pm.png","Emotion_Neutral","Age_20_30","E_Asian","G_ Female","","","0.7062445030782761","0.4367816091954023","584","268","null","1531657879000","1531657879000","53","HWbICv9u4uSnWrU830DjuF7FfMK2"
"","","","","","","","0.7343887423043096","0.5057471264367817","","","","","","",""
"","Emotion_Neutral","Age_below20","E_White","G_ Female","","","0.23834652594547054","0.37547892720306514","584","268","","","","",""
"","","","","","","","0.26297273526824977","0.4329501915708812","","","","","","",""
"","Emotion_Neutral","Age_20_30","E_White","G_ Female","","","0.5532102022867195","0.3045977011494253","584","268","","","","",""
"","","","","","","","0.5699208443271768","0.3544061302681992","","","","","","",""
"","Emotion_Neutral","Age_20_30","E_Asian","G_ Female","","","0.7845206684256816","0.36398467432950193","584","268","","","","",""
"","","","","","","","0.8056288478452067","0.43103448275862066","","","","","","",""
"http://com.dataturks.a96-i23.open.s3.amazonaws.com/2c9fafb06477f4cb0164895548a600a3/2f86e23f-539e-40b7-b044-c0395a163945___disabled_3130037b.jpg.jpeg","Not_Face","","","","","","0.08970976253298153","0.3695345557122708","620","387","null","1531585322000","1531585322000","344","HWbICv9u4uSnWrU830DjuF7FfMK2"
"","","","","","","","0.12928759894459102","0.4231311706629055","","","","","","",""
"","Not_Face","","","","","","0.28232189973614774","0.44851904090267986","620","387","","","","",""
"","","","","","","","0.3007915567282322","0.47531734837799716","","","","","","",""
"","Not_Face","","","","","","0.36323658751099386","0.2073342736248237","620","387","","","","",""
"","","","","","","","0.376429199648197","0.22284908321579688","","","","","","",""
"","Not_Face","","","","","","0.4204045734388742","0.25105782792665726","620","387","","","","",""
"","","","","","","","0.43271767810026385","0.2693935119887165","","","","","","",""
"","Not_Face","","","","","","0.49604221635883905","0.34837799717912554","620","387","","","","",""
"","","","","","","","0.5074758135444152","0.3624823695345557","","","","","","",""
"","Emotion_Neutral","Age_above_50","E_White","G_ Female","","","0.58311345646438","0.4781382228490832","620","387","","","","",""
"","","","","","","","0.6394019349164468","0.5444287729196051","","","","","","",""
"","Emotion_Neutral","Age_30_40","E_White","G_Male","","","0.43007915567282323","0.4019746121297602","620","387","","","","",""
"","","","","","","","0.4635004397537379","0.44710860366713684","","","","","","",""
"","Emotion_Neutral","Age_above_50","E_White","G_Male","","","0.7115215479331575","0.2877291960507758","620","387","","","","",""
"","","","","","","","0.7695690413368513","0.37799717912552894","","","","","","",""
"","Emotion_Neutral","Age_30_40","E_White","G_Male","","","0.9525065963060686","0.4400564174894217","620","387","","","","",""
"","","","","","","","0.9762532981530343","0.4781382228490832","","","","","","",""
"http://com.dataturks.a96-i23.open.s3.amazonaws.com/2c9fafb06477f4cb0164895548a600a3/07e7620b-09d9-4018-a0e8-2016fdbdbe99___2018sscreserve_005_171506-780x502.jpg.jpeg","Emotion_Neutral","Age_30_40","E_Black","G_Male","","","0.7474358974358974","0.34462151394422313","780","502","null","1531380495000","1531380495000","2990","HWbICv9u4uSnWrU830DjuF7FfMK2"
"","","","","","","","0.8205128205128205","0.5199203187250996","","","","","","",""
"","Emotion_Neutral","Age_30_40","E_White","G_Male","","","0.24871794871794872","0.29880478087649404","780","502","","","","",""
"","","","","","","","0.3564102564102564","0.47808764940239046","","","","","","",""
"","Emotion_Happy","Age_20_30","G_ Female","E_White","","","0.5153846153846153","0.33665338645418325","780","502","","","","",""
"","","","","","","","0.6","0.5179282868525896","","","","","","",""
"http://com.dataturks.a96-i23.open.s3.amazonaws.com/2c9fafb06477f4cb0164895548a600a3/d121472d-e510-4b00-84b7-6a4263106ca1___2-grocer.jpg.jpeg","Emotion_Happy","Age_30_40","E_Black","G_Male","","","0.33773087071240104","0.10568031704095114","1698","1131","null","1531721227000","1531721227000","21","HWbICv9u4uSnWrU830DjuF7FfMK2"
"","","","","","","","0.46965699208443273","0.3527080581241744","","","","","","",""
"http://com.dataturks.a96-i23.open.s3.amazonaws.com/2c9fafb06477f4cb0164895548a600a3/98635f62-38b0-4ab1-be06-f1ece729d49d___clothesandpeople.gif","Emotion_Neutral","Age_20_30","E_White","G_ Female","","","0.45822339489885666","0.1455026455026455","293","195","null","1531478909000","1531478909000","27","HWbICv9u4uSnWrU830DjuF7FfMK2"
"","","","","","","","0.5241864555848724","0.23941798941798942","","","","","","",""
"","Not_Face","","","","","","0.6323658751099385","0.1349206349206349","293","195","","","","",""
"","","","","","","","0.6798592788038699","0.23941798941798942","","","","","","",""
"","Not_Face","","","","","","0.5488126649076517","0.18253968253968253","293","195","","","","",""
"","","","","","","","0.5901495162708883","0.25","","","","","","",""
"http://com.dataturks.a96-i23.open.s3.amazonaws.com/2c9fafb06477f4cb0164895548a600a3/07902025-25c0-4a82-b01d-6f73f112f56c___new-york-usa-july-3-260nw-253195477.jpg.jpeg","Emotion_Neutral","Age_20_30","E_Asian","G_Male","","","0.3148636763412489","0.5269607843137255","390","280","null","1531852456000","1531852456000","0","HWbICv9u4uSnWrU830DjuF7FfMK2"
"","","","","","","","0.3491644678979771","0.5772058823529411","","","","","","",""
"","Emotion_Neutral","Age_20_30","E_White","G_ Female","","","0.1662269129287599","0.5698529411764706","390","280","","","","",""
"","","","","","","","0.18997361477572558","0.6017156862745098","","","","","","",""
"","Emotion_Neutral","Age_30_40","E_White","G_Male","","","0.9322779243623571","0.5747549019607843","390","280","","","","",""
"","","","","","","","0.9753737906772207","0.6580882352941176","","","","","","",""
"http://com.dataturks.a96-i23.open.s3.amazonaws.com/2c9fafb06477f4cb0164895548a600a3/a4b1c367-2f8d-428e-8992-c190b5c8a869___Lionel-The-Red-Caboose-58645febdbca2__880.jpg.jpeg","Not_Face","","","","","","0.5839929639401935","0.4185282522996058","880","1178","null","1531721204000","1531721204000","22","HWbICv9u4uSnWrU830DjuF7FfMK2"
"","","","","","","","0.6314863676341249","0.45532194480946125","","","","","","",""
"","Emotion_Neutral","Age_above_50","E_White","G_Male","","","0.44239226033421286","0.4067017082785808","880","1178","","","","",""
"","","","","","","","0.5109938434476693","0.47897503285151116","","","","","","",""
"","Not_Face","","","","","","0.2647317502198769","0.3764783180026281","880","1178","","","","",""
"","","","","","","","0.3658751099384345","0.43626806833114323","","","","","","",""
"http://com.dataturks.a96-i23.open.s3.amazonaws.com/2c9fafb06477f4cb0164895548a600a3/d0dea8d0-6370-4582-80e4-608b93900e44___milos-candy-store1.jpg.jpeg","Not_Face","Age_above_50","E_White","G_Male","","","0.38698328935795956","0.19483568075117372","800","600","null","1531467608000","1531467608000","106","HWbICv9u4uSnWrU830DjuF7FfMK2"
"","","","","","","","0.5004397537379067","0.4061032863849765","","","","","","",""
"http://com.dataturks.a96-i23.open.s3.amazonaws.com/2c9fafb06477f4cb0164895548a600a3/8c40ad82-7409-4f0a-bd34-868e519785a3___Promenada_Empty_Shop-3-.jpg.jpeg","Not_Face","","","","","","0.5026041666666666","0.11328125","1152","768","null","1531383591000","1531383591000","42","HWbICv9u4uSnWrU830DjuF7FfMK2"
"","","","","","","","0.5980902777777778","0.2981770833333333","","","","","","",""
"","Emotion_Happy","Age_20_30","E_White","G_ Female","","","0.6145833333333334","0.17578125","1152","768","","","","",""
"","","","","","","","0.7109375","0.3489583333333333","","","","","","",""
"http://com.dataturks.a96-i23.open.s3.amazonaws.com/2c9fafb06477f4cb0164895548a600a3/d09ef27f-2105-4404-badc-2cf803e10399___Foot-Locker.jpg.jpeg","Not_Face","","","","","","0.2620932277924362","0.513302034428795","640","360","null","1531479046000","1531479046000","37","HWbICv9u4uSnWrU830DjuF7FfMK2"
"","","","","","","","0.31926121372031663","0.5852895148669797","","","","","","",""
"","Not_Face","","","","","","0.1802990325417766","0.5539906103286385","640","360","","","","",""
"","","","","","","","0.21635883905013192","0.5993740219092332","","","","","","",""
"","Not_Face","","","","","","0.07299912049252419","0.5524256651017214","640","360","","","","",""
"","","","","","","","0.09498680738786279","0.5884194053208138","","","","","","",""
"","Not_Face","","","","","","0.011433597185576077","0.5539906103286385","640","360","","","","",""
"","","","","","","","0.03342128408091469","0.5899843505477308","","","","","","",""
"","Emotion_Sad","Age_30_40","E_White","G_Male","","","0.7889182058047494","0.5226917057902973","640","360","","","","",""
"","","","","","","","0.8223394898856641","0.6056338028169014","","","","","","",""
"","Not_Face","","","","","","0.8258575197889182","0.5352112676056338","640","360","","","","",""
"","","","","","","","0.8715919085312225","0.6071987480438185","","","","","","",""
"http://com.dataturks.a96-i23.open.s3.amazonaws.com/2c9fafb06477f4cb0164895548a600a3/f68927e1-4f66-4016-8719-fc8e7a25fbe8___MW-ED693_walmar_20160120201211_ZH.jpg.jpeg","Not_Face","","","","","","0.6077396657871592","0.3474178403755869","880","495","null","1531478488000","1531478488000","21","HWbICv9u4uSnWrU830DjuF7FfMK2"
"","","","","","","","0.6596306068601583","0.4413145539906103","","","","","","",""
"","Not_Face","","","","","","0.16094986807387862","0.5743348982785602","880","495","","","","",""
"","","","","","","","0.1943711521547933","0.6369327073552425","","","","","","",""
"","Not_Face","","","","","","0.24450307827616535","0.564945226917058","880","495","","","","",""
"","","","","","","","0.27440633245382584","0.6056338028169014","","","","","","",""
"http://com.dataturks.a96-i23.open.s3.amazonaws.com/2c9fafb06477f4cb0164895548a600a3/dd0c53fe-8300-4422-80e2-7d446ae4a329___STR838.jpg.jpeg","Not_Face","","","","","","0.27616534740545295","0.4635603345280765","788","580","null","1531584546000","1531584546000","17","HWbICv9u4uSnWrU830DjuF7FfMK2"
"","","","","","","","0.31926121372031663","0.5005973715651135","","","","","","",""
"","Not_Face","","","","","","0.20492524186455585","0.45041816009557945","788","580","","","","",""
"","","","","","","","0.24010554089709762","0.4910394265232975","","","","","","",""
"","Not_Face","","","","","","0.5989445910290238","0.4647550776583035","788","580","","","","",""
"","","","","","","","0.6376429199648197","0.4982078853046595","","","","","","",""
"","Not_Face","","","","","","0.49428320140721194","0.4778972520908005","788","580","","","","",""
"","","","","","","","0.525065963060686","0.5029868578255675","","","","","","",""
"http://com.dataturks.a96-i23.open.s3.amazonaws.com/2c9fafb06477f4cb0164895548a600a3/9bb39612-2a51-4a9e-8085-a0ecb80081fd___people-shopping-walking-along-glass-frontage-fashionable-stores-in-milan_smwgdxuu__F0000.png","Not_Face","","","","","","0.1723834652594547","0.30672926447574334","3840","2160","null","1531584679000","1531584679000","61","HWbICv9u4uSnWrU830DjuF7FfMK2"
"","","","","","","","0.22515391380826738","0.39906103286384975","","","","","","",""
"","Emotion_Neutral","Age_40_50","E_White","G_ Female","","","0.37730870712401055","0.3114241001564945","3840","2160","","","","",""
"","","","","","","","0.43535620052770446","0.41001564945226915","","","","","","",""
"","Emotion_Neutral","Age_20_30","E_White","G_ Female","","","0.26033421284080915","0.5305164319248826","3840","2160","","","","",""
"","","","","","","","0.2849604221635884","0.5758998435054773","","","","","","",""
"","Not_Face","","","","","","0.47845206684256814","0.28169014084507044","3840","2160","","","","",""
"","","","","","","","0.5461741424802111","0.37871674491392804","","","","","","",""
"","Not_Face","","","","","","0.7678100263852242","0.3192488262910798","3840","2160","","","","",""
"","","","","","","","0.8188214599824098","0.41471048513302033","","","","","","",""
"","Not_Face","","","","","","0.7106420404573439","0.27073552425665104","3840","2160","","","","",""
"","","","","","","","0.7563764291996482","0.3599374021909233","","","","","","",""
"","Not_Face","","","","","","0.9648197009674582","0.3270735524256651","3840","2160","","","","",""
"","","","","","","","0.9973614775725593","0.4225352112676056","","","","","","",""
"","Not_Face","","","","","","0.3210202286719437","0.6165884194053208","3840","2160","","","","",""
"","","","","","","","0.3491644678979771","0.6557120500782473","","","","","","",""
"http://com.dataturks.a96-i23.open.s3.amazonaws.com/2c9fafb06477f4cb0164895548a600a3/300d5f8d-7a4b-4ded-8b4f-4ac031dd4d53___28289838352_54760103e0_b.jpg.jpeg","Not_Face","","","","","","0.9498680738786279","0.762085308056872","700","650","null","1531467633000","1531467633000","10800","HWbICv9u4uSnWrU830DjuF7FfMK2"
"","","","","","","","0.9868073878627969","0.8454976303317535","","","","","","",""
"http://com.dataturks.a96-i23.open.s3.amazonaws.com/2c9fafb06477f4cb0164895548a600a3/68fee56d-1ddc-43e6-959f-590293cbbea1___glove-for-blind-shopping.png","Emotion_Neutral","Age_30_40","G_Male","E_Black","","","0.670184696569921","0.046296296296296294","600","399","null","1531584847000","1531584847000","35","HWbICv9u4uSnWrU830DjuF7FfMK2"
"","","","","","","","0.9331574318381706","0.45634920634920634","","","","","","",""
"http://com.dataturks.a96-i23.open.s3.amazonaws.com/2c9fafb06477f4cb0164895548a600a3/70dd8658-d9a0-41bd-a3d3-08605a036c25___256_8_Suhumi-Taiwan.jpg.jpeg","Emotion_Happy","Age_30_40","E_Asian","G_Male","","","0.6279683377308707","0.22985468956406868","560","373","null","1531721282000","1531721282000","11","HWbICv9u4uSnWrU830DjuF7FfMK2"
"","","","","","","","0.7088830255057168","0.35931307793923384","","","","","","",""
"http://com.dataturks.a96-i23.open.s3.amazonaws.com/2c9fafb06477f4cb0164895548a600a3/faf7f5e9-6698-4a9b-b3f4-0e46c647bff6___thestreetstore.png","Emotion_Happy","Age_above_50","G_Male","E_White","","","0.5065963060686016","0.3762057877813505","760","416","null","1531720936000","1531720936000","42","HWbICv9u4uSnWrU830DjuF7FfMK2"
"","","","","","","","0.6481970096745823","0.6463022508038585","","","","","","",""
"http://com.dataturks.a96-i23.open.s3.amazonaws.com/2c9fafb06477f4cb0164895548a600a3/cfea20b1-017b-43a2-8057-578bf6f8fbcb___biz_stationpark_0429140.jpg.jpeg","Emotion_Neutral","Age_below20","E_White","G_ Female","","","0.44239226033421286","0.6723910171730515","500","333","null","1531479564000","1531479564000","17","HWbICv9u4uSnWrU830DjuF7FfMK2"
"","","","","","","","0.48548812664907653","0.7463672391017173","","","","","","",""
"","Not_Face","","","","","","0.08355321020228672","0.5984147952443857","500","333","","","","",""
"","","","","","","","0.10554089709762533","0.6301188903566711","","","","","","",""
"","Not_Face","","","","","","0.051890941072999124","0.6208718626155878","500","333","","","","",""
"","","","","","","","0.07299912049252419","0.6538969616908851","","","","","","",""
"","Not_Face","","","","","","0.7053649956024626","0.5733157199471598","500","333","","","","",""
"","","","","","","","0.7343887423043096","0.6155878467635403","","","","","","",""
"","Emotion_Neutral","Age_20_30","E_White","G_ Female","","","0.8671943711521548","0.5204755614266843","500","333","","","","",""
"","","","","","","","0.8909410729991205","0.5574636723910171","","","","","","",""
"","Not_Face","","","","","","0.5576077396657871","0.5627476882430648","500","333","","","","",""
"","","","","","","","0.5848724714160071","0.6010568031704095","","","","","","",""
"","Not_Face","","","","","","0.42480211081794195","0.5931307793923382","500","333","","","","",""
"","","","","","","","0.45382585751978893","0.6367239101717305","","","","","","",""
"","Not_Face","","","","","","0.47493403693931396","0.5429326287978864","500","333","","","","",""
"","","","","","","","0.4916446789797713","0.5733157199471598","","","","","","",""
"","Not_Face","","","","","","0.9349164467897977","0.6446499339498019","500","333","","","","",""
"","","","","","","","0.9780123131046614","0.7067371202113606","","","","","","",""
"","Not_Face","","","","","","0.7871591908531222","0.6578599735799208","500","333","","","","",""
"","","","","","","","0.8293755496921724","0.7159841479524438","","","","","","",""
"","Not_Face","","","","","","0.08091468777484609","0.750330250990753","500","333","","","","",""
"","","","","","","","0.13720316622691292","0.8256274768824307","","","","","","",""
"","Not_Face","","","","","","0.2339489885664028","0.6486129458388376","500","333","","","","",""
"","","","","","","","0.26297273526824977","0.6908850726552179","","","","","","",""
"","Emotion_Happy","Age_20_30","E_White","G_ Female","","","0.052770448548812667","0.7001321003963011","500","333","","","","",""
"","","","","","","","0.08883025505716799","0.7463672391017173","","","","","","",""
"","Emotion_Angry","Age_20_30","G_ Female","E_White","","","0.1996481970096746","0.7807133421400264","500","333","","","","",""
"","","","","","","","0.24890061565523308","0.8824306472919419","","","","","","",""
"","Emotion_Neutral","Age_20_30","E_White","G_Male","","","0.3210202286719437","0.7344782034346103","500","333","","","","",""
"","","","","","","","0.37994722955145116","0.8441215323645971","","","","","","",""
"","Emotion_Neutral","Age_20_30","E_White","G_ Female","","","0.5321020228671943","0.6472919418758256","500","333","","","","",""
"","","","","","","","0.565523306948109","0.702774108322325","","","","","","",""
"","Emotion_Neutral","Age_20_30","E_White","G_ Female","","","0.6358839050131926","0.6169088507265522","500","333","","","","",""
"","","","","","","","0.6701846965699209","0.6816380449141347","","","","","","",""
"","Emotion_Neutral","Age_30_40","E_White","G_Male","","","0.9234828496042217","0.4940554821664465","500","333","","","","",""
"","","","","","","","0.9428320140721196","0.5323645970937912","","","","","","",""
"","Emotion_Neutral","Age_below20","G_Male","E_White","","","0.6314863676341249","0.8428005284015853","500","333","","","","",""
"","","","","","","","0.6684256816182937","0.9062087186261559","","","","","","",""
"","Emotion_Angry","Age_30_40","E_Hispanic","G_Male","","","0.14335971855760773","0.6697490092470277","500","333","","","","",""
"","","","","","","","0.17150395778364116","0.7107001321003963","","","","","","",""
"","Not_Face","","","","","","0.3412489006156552","0.607661822985469","500","333","","","","",""
"","","","","","","","0.36675461741424803","0.6486129458388376","","","","","","",""
"","Not_Face","","","","","","0.5954265611257695","0.678996036988111","500","333","","","","",""
"","","","","","","","0.6209322779243623","0.7331571994715984","","","","","","",""
"","Emotion_Neutral","Age_40_50","E_White","G_Male","","","0.2770448548812665","0.583883751651255","500","333","","","","",""
"","","","","","","","0.297273526824978","0.6169088507265522","","","","","","",""
"http://com.dataturks.a96-i23.open.s3.amazonaws.com/2c9fafb06477f4cb0164895548a600a3/e6c7ab55-2fbf-4d2e-af78-2a2762661347___1SZ5m0pmDcS6RgpM8FPNCuw.png","Not_Face","","","","","","0.3254177660510114","0.31070889894419307","1200","700","null","1531585418000","1531585418000","49","HWbICv9u4uSnWrU830DjuF7FfMK2"
"","","","","","","","0.35883905013192613","0.36048265460030166","","","","","","",""
"","Not_Face","","","","","","0.26824978012313105","0.25339366515837103","1200","700","","","","",""
"","","","","","","","0.2884784520668426","0.2911010558069382","","","","","","",""
"","Not_Face","","","","","","0.1961301671064204","0.19155354449472098","1200","700","","","","",""
"","","","","","","","0.21635883905013192","0.24132730015082957","","","","","","",""
"","Emotion_Happy","Age_30_40","E_Black","G_Male","","","0.6051011433597184","0.1282051282051282","1200","700","","","","",""
"","","","","","","","0.7141600703605979","0.37104072398190047","","","","","","",""
"","Emotion_Neutral","Age_20_30","E_White","G_Male","","","0.8038698328935796","0.5912518853695324","1200","700","","","","",""
"","","","","","","","0.8839050131926122","0.7601809954751131","","","","","","",""
"http://com.dataturks.a96-i23.open.s3.amazonaws.com/2c9fafb06477f4cb0164895548a600a3/01d83f3a-5480-4a4a-af46-a2c77c0043a7___best-buy-is-pulling-cds-from-its-stores--and-people-are-freaking-out.jpg.png","Emotion_Neutral","Age_30_40","E_White","G_Male","","","0.5514511873350924","0.03345070422535211","1190","595","null","1531720491000","1531720491000","0","HWbICv9u4uSnWrU830DjuF7FfMK2"
"","","","","","","","0.6165347405452947","0.17077464788732394","","","","","","",""
"http://com.dataturks.a96-i23.open.s3.amazonaws.com/2c9fafb06477f4cb0164895548a600a3/d06c3460-f18e-48d4-8409-af6f868bc50e___shopping1.jpg.jpeg","Emotion_Happy","Age_below20","E_White","G_Male","","","0.22427440633245382","0.2605633802816901","1024","768","null","1531555260000","1531555260000","27","HWbICv9u4uSnWrU830DjuF7FfMK2"
"","","","","","","","0.3518029903254178","0.48708920187793425","","","","","","",""
"","Emotion_Happy","Age_below20","E_White","G_ Female","","","0.5532102022867195","0.13849765258215962","1024","768","","","","",""
"","","","","","","","0.7150395778364116","0.38380281690140844","","","","","","",""
"http://com.dataturks.a96-i23.open.s3.amazonaws.com/2c9fafb06477f4cb0164895548a600a3/af2aad90-8eb2-4220-9c76-33c7e910ffbc___euronics_stores-and-people_02_1180x346.jpg.jpeg","Emotion_Neutral","Age_30_40","E_White","G_Male","","","0.35092348284960423","0.23423423423423423","1180","346","null","1531496549000","1531496549000","0","HWbICv9u4uSnWrU830DjuF7FfMK2"
"","","","","","","","0.3940193491644679","0.3993993993993994","","","","","","",""
"","Emotion_Neutral","Age_20_30","E_Asian","G_Male","","","0.5092348284960422","0.29429429429429427","1180","346","","","","",""
"","","","","","","","0.5593667546174143","0.4984984984984985","","","","","","",""
"","Emotion_Happy","Age_30_40","E_White","G_Male","","","0.4230430958663149","0.16216216216216217","1180","346","","","","",""
"","","","","","","","0.4793315743183817","0.35135135135135137","","","","","","",""
"","Emotion_Happy","Age_20_30","E_White","G_ Female","","","0.21899736147757257","0.38738738738738737","1180","346","","","","",""
"","","","","","","","0.25241864555848725","0.48348348348348347","","","","","","",""
"","Emotion_Happy","Age_below20","E_White","G_ Female","","","0.26297273526824977","0.4024024024024024","1180","346","","","","",""
"","","","","","","","0.29287598944591026","0.5135135135135135","","","","","","",""
"http://com.dataturks.a96-i23.open.s3.amazonaws.com/2c9fafb06477f4cb0164895548a600a3/6ff5fe1d-704c-45e3-8e0c-2b1933523843___IMG_7512.JPG.jpeg","Emotion_Happy","Age_40_50","E_White","G_ Female","","","0.7159190853122251","0.13852242744063326","2400","1600","null","1531658164000","1531658164000","16","HWbICv9u4uSnWrU830DjuF7FfMK2"
"","","","","","","","0.7774846086191732","0.2559366754617415","","","","","","",""
"","","","","","","","0.6297273526824978","0.5171503957783641","2400","1600","","","","",""
"","","","","","","","0.6297273526824978","0.5171503957783641","","","","","","",""
"http://com.dataturks.a96-i23.open.s3.amazonaws.com/2c9fafb06477f4cb0164895548a600a3/b722a862-81dc-44c8-af2c-dee3f9bd493a___global-women-talking-supermarket-080517_tcm244-504622.jpg.jpeg","Emotion_Neutral","Age_20_30","E_Asian","G_ Female","","","0.167985927880387","0.0406885758998435","990","557","null","1531720757000","1531720757000","27","HWbICv9u4uSnWrU830DjuF7FfMK2"
"","","","","","","","0.2937554969217238","0.29264475743348983","","","","","","",""
"","Emotion_Neutral","Age_30_40","E_Arab","G_ Female","","","0.6288478452066842","0.12050078247261346","990","557","","","","",""
"","","","","","","","0.7669305189094108","0.3317683881064163","","","","","","",""
"http://com.dataturks.a96-i23.open.s3.amazonaws.com/2c9fafb06477f4cb0164895548a600a3/ec55f634-b2d2-4642-a112-f0ed764fd778___louisvuitton.jpg.jpeg","Not_Face","","","","","","0.820580474934037","0.19088669950738915","350","250","null","1531585357000","1531585357000","34","HWbICv9u4uSnWrU830DjuF7FfMK2"
"","","","","","","","0.8953386103781882","0.32142857142857145","","","","","","",""
"","Not_Face","","","","","","0.11785400175901495","0.15886699507389163","350","250","","","","",""
"","","","","","","","0.20668425681618294","0.29802955665024633","","","","","","",""
"http://com.dataturks.a96-i23.open.s3.amazonaws.com/2c9fafb06477f4cb0164895548a600a3/15dc2ea2-1213-4db3-959d-c11ca2ea73dd___man-shopping-for-produce.jpg.jpeg","Emotion_Happy","","","","","","0.3482849604221636","0.04929577464788732","1280","800","null","1533196397000","1533196397000","8","HWbICv9u4uSnWrU830DjuF7FfMK2"
"","","","","","","","0.5109938434476693","0.3647887323943662","","","","","","",""
"http://com.dataturks.a96-i23.open.s3.amazonaws.com/2c9fafb06477f4cb0164895548a600a3/17f64653-ce81-4df4-8b17-1a385d80032a___customerservice-helpingyous.jpg.jpeg","Emotion_Happy","Age_above_50","E_White","G_ Female","","","0.25857519788918204","0.1419656786271451","470","265","null","1531721067000","1531721067000","18","HWbICv9u4uSnWrU830DjuF7FfMK2"
"","","","","","","","0.41160949868073876","0.46177847113884557","","","","","","",""
"","Not_Face","","","","","","0.575197889182058","0.08268330733229329","470","265","","","","",""
"","","","","","","","0.8117854001759015","0.49921996879875197","","","","","","",""
"http://com.dataturks.a96-i23.open.s3.amazonaws.com/2c9fafb06477f4cb0164895548a600a3/e1ef8e85-c836-4b57-b1f9-34fe065972c8___slide_img2.jpg.jpeg","Emotion_Happy","Age_20_30","E_White","G_ Female","","","0.3122251539138083","0.18073878627968337","2304","1536","null","1531584527000","1531584527000","15","HWbICv9u4uSnWrU830DjuF7FfMK2"
"","","","","","","","0.4467897977132806","0.44591029023746703","","","","","","",""
"http://com.dataturks.a96-i23.open.s3.amazonaws.com/2c9fafb06477f4cb0164895548a600a3/87a74af8-135c-4a68-b1a2-1c1ff0345a68___Shop-Social-Amenity-building-691740x499.jpg.jpeg","Emotion_Happy","Age_30_40","E_White","G_Male","","","0.5989445910290238","0.40339425587467365","740","499","null","1531721307000","1531721307000","14","HWbICv9u4uSnWrU830DjuF7FfMK2"
"","","","","","","","0.6262093227792436","0.44386422976501305","","","","","","",""
"","Not_Face","","","","","","0.4520668425681618","0.4177545691906005","740","499","","","","",""
"","","","","","","","0.484608619173263","0.4765013054830287","","","","","","",""
"http://com.dataturks.a96-i23.open.s3.amazonaws.com/2c9fafb06477f4cb0164895548a600a3/11b94e7c-6d13-4eac-ac76-648ca45dc3b0___dollar-gen-fresh-food.jpg.jpeg","Emotion_Happy","Age_40_50","E_White","G_Male","","","0.3227792436235708","0.33098591549295775","600","300","null","1531584731000","1531584731000","21","HWbICv9u4uSnWrU830DjuF7FfMK2"
"","","","","","","","0.37115215479331576","0.44366197183098594","","","","","","",""
"","Emotion_Happy","Age_below20","E_White","G_ Female","","","0.4239226033421284","0.5088028169014085","600","300","","","","",""
"","","","","","","","0.4573438874230431","0.5721830985915493","","","","","","",""
"http://com.dataturks.a96-i23.open.s3.amazonaws.com/2c9fafb06477f4cb0164895548a600a3/d8043edf-615d-4d5c-b604-9436f5249e9d___rihanna-cara-delevingne-joan-smalls-chanel-supermarketjpg.jpg.jpeg","Emotion_Happy","Age_30_40","E_White","G_ Female","","","0.5743183817062445","0.009375","620","349","null","1531720888000","1531720888000","41","HWbICv9u4uSnWrU830DjuF7FfMK2"
"","","","","","","","0.6754617414248021","0.1796875","","","","","","",""
"","Emotion_Neutral","Age_30_40","E_White","G_ Female","","","0.693051890941073","0.0546875","620","349","","","","",""
"","","","","","","","0.7431838170624451","0.175","","","","","","",""
"","Emotion_Neutral","Age_20_30","E_Black","G_ Female","","","0.7607739665787159","0.003125","620","349","","","","",""
"","","","","","","","0.8381706244503079","0.1203125","","","","","","",""
"","Emotion_Angry","Age_20_30","E_White","G_Male","","","0.9278803869832893","0.0625","620","349","","","","",""
"","","","","","","","0.9824098504837291","0.1828125","","","","","","",""
"http://com.dataturks.a96-i23.open.s3.amazonaws.com/2c9fafb06477f4cb0164895548a600a3/ce6a0ec5-1171-4b4d-92a1-bf41b412740b___2a3c173f21e3130548e0cb738cd9f10f.jpg.jpeg","Emotion_Neutral","","","","","","0.4494283201407212","0.16129032258064516","236","354","null","1533196294000","1533196294000","51","HWbICv9u4uSnWrU830DjuF7FfMK2"
"","","","","","","","0.6561125769569042","0.29501466275659827","","","","","","",""
"http://com.dataturks.a96-i23.open.s3.amazonaws.com/2c9fafb06477f4cb0164895548a600a3/d4c4ede4-fce9-456a-9416-d69c8f730ee4___611beb007843e087d30c839433d0f92a--grocery-store-vintage-retro.jpg.jpeg","Emotion_Neutral","Age_30_40","E_White","G_Male","","","0.33157431838170626","0.1561733442354865","236","254","null","1531657547000","1531657547000","54","HWbICv9u4uSnWrU830DjuF7FfMK2"
"","","","","","","","0.4494283201407212","0.26819296811120197","","","","","","",""
"","Emotion_Neutral","Age_20_30","E_White","G_ Female","","","0.0079155672823219","0.2788225674570728","236","254","","","","",""
"","","","","","","","0.07563764291996482","0.34587080948487325","","","","","","",""
"","Emotion_Happy","Age_20_30","E_White","G_ Female","","","0.43007915567282323","0.21913327882256745","236","254","","","","",""
"","","","","","","","0.5426561125769569","0.3237939493049877","","","","","","",""
"http://com.dataturks.a96-i23.open.s3.amazonaws.com/2c9fafb06477f4cb0164895548a600a3/098c4bca-3210-4e88-ad98-79d60ce6b901___maxresdefault1.jpg.jpeg","Emotion_Angry","Age_30_40","E_White","G_Male","","","0.13016710642040458","0.12363067292644757","1280","720","null","1531720709000","1531720709000","34","HWbICv9u4uSnWrU830DjuF7FfMK2"
"","","","","","","","0.2075637642919965","0.3082942097026604","","","","","","",""
"","Not_Face","","","","","","0.712401055408971","0.13928012519561817","1280","720","","","","",""
"","","","","","","","0.9507475813544415","0.5524256651017214","","","","","","",""
"","Emotion_Neutral","Age_30_40","E_Indian","G_ Female","","","0.9656992084432717","0.13615023474178403","1280","720","","","","",""
"","","","","","","","1","0.2237871674491393","","","","","","",""
"http://com.dataturks.a96-i23.open.s3.amazonaws.com/2c9fafb06477f4cb0164895548a600a3/f5a66904-4a31-450a-8eb8-2d0e743cf8b8___3078745-adult_booth_business_buy_commerce_customer_food_fruits_group_grow_local_man_market_marketplace_people_purchase_sale_sales_sell_shop_shopping_stall_stock_store_street_supermarket_urban_woman.jpg.jpeg","Not_Face","","","","","","0.6411609498680739","0.04617414248021108","3840","2560","null","1531851513000","1531851513000","0","HWbICv9u4uSnWrU830DjuF7FfMK2"
"","","","","","","","0.7273526824978013","0.1517150395778364","","","","","","",""
"","Not_Face","","","","","","0.3333333333333333","0.3641160949868074","3840","2560","","","","",""
"","","","","","","","0.3887423043095866","0.4102902374670185","","","","","","",""
"http://com.dataturks.a96-i23.open.s3.amazonaws.com/2c9fafb06477f4cb0164895548a600a3/be22666b-001d-4bb4-bea2-f78b7e109537___paris-france-people-shopping-in-the-marais-district-uni-glo-store-EX4MCB.jpg.jpeg","Emotion_Neutral","Age_20_30","E_White","G_ Female","","","0.17326297273526825","0.28843861740166865","1300","960","null","1531852472000","1531852472000","15","HWbICv9u4uSnWrU830DjuF7FfMK2"
"","","","","","","","0.2233948988566403","0.36591179976162097","","","","","","",""
"http://com.dataturks.a96-i23.open.s3.amazonaws.com/2c9fafb06477f4cb0164895548a600a3/7a275203-7ebd-40af-8632-ee38ecaf68bf___stores-hero.jpg.jpeg","Emotion_Happy","Age_30_40","E_White","G_ Female","","","0.23482849604221637","0.07654723127035831","620","335","null","1531721021000","1531721021000","11","HWbICv9u4uSnWrU830DjuF7FfMK2"
"","","","","","","","0.46437994722955145","0.6319218241042345","","","","","","",""
"http://com.dataturks.a96-i23.open.s3.amazonaws.com/2c9fafb06477f4cb0164895548a600a3/d275f250-4de7-4c10-b341-f5e829c09e94___tiara-dewata-01.jpg.jpeg","Emotion_Neutral","Age_30_40","E_Indian","G_Male","","","0.11345646437994723","0.4531615925058548","470","353","null","1531552438000","1531552438000","98","HWbICv9u4uSnWrU830DjuF7FfMK2"
"","","","","","","","0.1741424802110818","0.5339578454332553","","","","","","",""
"","Emotion_Neutral","Age_20_30","E_Indian","G_Male","","","0.33421284080914687","0.47306791569086654","470","353","","","","",""
"","","","","","","","0.36675461741424803","0.5187353629976581","","","","","","",""
"","Emotion_Neutral","Age_20_30","E_Indian","G_ Female","","","0.7220756376429199","0.49414519906323184","470","353","","","","",""
"","","","","","","","0.7598944591029023","0.5480093676814989","","","","","","",""
"","Not_Face","","","","","","0.8293755496921724","0.4519906323185012","470","353","","","","",""
"","","","","","","","0.8751099384344767","0.5046838407494145","","","","","","",""
"http://com.dataturks.a96-i23.open.s3.amazonaws.com/2c9fafb06477f4cb0164895548a600a3/2b3b6c9b-f696-4f29-8f36-778deeeca6ad___11.jpg.jpeg","Not_Face","","","","","","0.7106420404573439","0.28125","852","480","null","1531720790000","1531720790000","29","HWbICv9u4uSnWrU830DjuF7FfMK2"
"","","","","","","","0.7370272647317502","0.3390625","","","","","","",""
"","Not_Face","","","","","","0.8047493403693932","0.271875","852","480","","","","",""
"","","","","","","","0.8548812664907651","0.3578125","","","","","","",""
"","Not_Face","","","","","","0.751099384344767","0.28125","852","480","","","","",""
"","","","","","","","0.7669305189094108","0.325","","","","","","",""
"","Not_Face","","","","","","0.17326297273526825","0.284375","852","480","","","","",""
"","","","","","","","0.21635883905013192","0.334375","","","","","","",""
"","Not_Face","","","","","","0.2022867194371152","0.2625","852","480","","","","",""
"","","","","","","","0.24450307827616535","0.33125","","","","","","",""
"","Not_Face","","","","","","0.7801231310466139","0.2375","852","480","","","","",""
"","","","","","","","0.820580474934037","0.34375","","","","","","",""
"http://com.dataturks.a96-i23.open.s3.amazonaws.com/2c9fafb06477f4cb0164895548a600a3/b0d1291f-b1f4-4da3-8e61-9fae4e86de9e___supermarket-56.png","Emotion_Happy","Age_20_30","E_Indian","G_ Female","","","0.46262093227792433","0.013192612137203167","501","501","null","1531584880000","1531584880000","32","HWbICv9u4uSnWrU830DjuF7FfMK2"
"","","","","","","","0.5989445910290238","0.18733509234828497","","","","","","",""
"http://com.dataturks.a96-i23.open.s3.amazonaws.com/2c9fafb06477f4cb0164895548a600a3/5a2cf835-4705-4642-9dab-f2e66f087d2a___DSC01699.0.jpg.jpeg","Emotion_Happy","Age_20_30","E_White","G_ Female","","","0.4810905892700088","0.18427230046948356","640","480","null","1531479007000","1531479007000","39","HWbICv9u4uSnWrU830DjuF7FfMK2"
"","","","","","","","0.5963060686015831","0.3286384976525822","","","","","","",""
"","Emotion_Sad","Age_20_30","E_Black","G_Male","","","0.8047493403693932","0.3720657276995305","640","480","","","","",""
"","","","","","","","0.8487247141600703","0.43661971830985913","","","","","","",""
"","Not_Face","","","","","","0.9340369393139841","0.3086854460093897","640","480","","","","",""
"","","","","","","","0.9780123131046614","0.3755868544600939","","","","","","",""
"","Not_Face","","","","","","0.3227792436235708","0.40023474178403756","640","480","","","","",""
"","","","","","","","0.35883905013192613","0.45305164319248825","","","","","","",""
"http://com.dataturks.a96-i23.open.s3.amazonaws.com/2c9fafb06477f4cb0164895548a600a3/7ee8a8fd-1a8d-4d5c-9b91-8e58ce5ce661___retail-door-counters.jpg.jpeg","Not_Face","","","","","","0.6816182937554969","0.06997084548104957","411","372","null","1531552304000","1531552304000","9","HWbICv9u4uSnWrU830DjuF7FfMK2"
"","","","","","","","0.7994722955145118","0.16229348882410108","","","","","","",""
"http://com.dataturks.a96-i23.open.s3.amazonaws.com/2c9fafb06477f4cb0164895548a600a3/1cd65f6e-2918-42ac-851d-977b6072c09a___MK-CR174_SBTOYS_P_20141203173515.jpg.jpeg","Emotion_Happy","Age_40_50","E_White","G_Male","","","0.6622162883845126","0.39478957915831664","749","499","null","1531383669000","1531383669000","52","HWbICv9u4uSnWrU830DjuF7FfMK2"
"","","","","","","","0.7436582109479306","0.5250501002004008","","","","","","",""
"","Not_Face","","","","","","0.7463284379172229","0.40480961923847697","749","499","","","","",""
"","","","","","","","0.8624833110814419","0.5350701402805611","","","","","","",""
"http://com.dataturks.a96-i23.open.s3.amazonaws.com/2c9fafb06477f4cb0164895548a600a3/974e9099-fa0b-4ce0-9013-07ecdb75b711___Oxfam-CSThirdImage-930pxX523px.jpg.jpeg","Not_Face","","","","","","0.7783641160949868","0.1674491392801252","930","523","null","1531584808000","1531584808000","10","HWbICv9u4uSnWrU830DjuF7FfMK2"
"","","","","","","","0.8276165347405453","0.2519561815336463","","","","","","",""
"http://com.dataturks.a96-i23.open.s3.amazonaws.com/2c9fafb06477f4cb0164895548a600a3/e516d8a7-473a-4d42-a8d3-7d9b4e7eb379___ap_130306015012-e1478514598952.jpg.jpeg","Not_Face","","","","","","0.4810905892700088","0.4292604501607717","3000","1642","null","1531552237000","1531552237000","16","HWbICv9u4uSnWrU830DjuF7FfMK2"
"","","","","","","","0.5065963060686016","0.4887459807073955","","","","","","",""
"","Not_Face","","","","","","0.6086191732629728","0.454983922829582","3000","1642","","","","",""
"","","","","","","","0.6429199648197009","0.5209003215434084","","","","","","",""
"http://com.dataturks.a96-i23.open.s3.amazonaws.com/2c9fafb06477f4cb0164895548a600a3/9c803a06-f947-4eba-b502-63bb49d334ef___dicks-interior.jpg.jpeg","Emotion_Neutral","Age_below20","Age_30_40","Age_above_50","","","0.5153913808267371","0.19920844327176782","900","600","null","1531983169000","1531983169000","0","HWbICv9u4uSnWrU830DjuF7FfMK2"
"","","","","","","","0.6490765171503958","0.4656992084432718","","","","","","",""
"","Not_Face","Emotion_Neutral","Age_below20","","","","0.3324538258575198","0.4393139841688654","900","600","","","","",""
"","","","","","","","0.49340369393139843","0.620052770448549","","","","","","",""
"http://com.dataturks.a96-i23.open.s3.amazonaws.com/2c9fafb06477f4cb0164895548a600a3/81317489-09c2-41f5-98ea-c173542377fe___People-Shopping-In-Supermarket-68497069.jpg.jpeg","Emotion_Neutral","Age_20_30","E_White","G_ Female","","","0.25241864555848725","0.3733509234828496","900","600","null","1531478593000","1531478593000","83","HWbICv9u4uSnWrU830DjuF7FfMK2"
"","","","","","","","0.306948109058927","0.46174142480211083","","","","","","",""
"","Emotion_Neutral","Age_20_30","E_White","G_Male","","","0.8803869832893579","0.32058047493403696","900","600","","","","",""
"","","","","","","","0.9630606860158312","0.4313984168865435","","","","","","",""
"","Emotion_Neutral","Age_30_40","E_White","G_ Female","","","0.4124890061565523","0.4076517150395778","900","600","","","","",""
"","","","","","","","0.4371152154793316","0.44591029023746703","","","","","","",""
"http://com.dataturks.a96-i23.open.s3.amazonaws.com/2c9fafb06477f4cb0164895548a600a3/e4a40ad7-b48d-4a00-805f-17add5dcd7ef___o-GROCERY-STORE-CHOICE-facebook.jpg.jpeg","Emotion_Neutral","Age_20_30","E_White","G_Male","","","0.47229551451187335","0.13380281690140844","2000","1000","null","1531479621000","1531479621000","11","HWbICv9u4uSnWrU830DjuF7FfMK2"
"","","","","","","","0.5839929639401935","0.36795774647887325","","","","","","",""
"http://com.dataturks.a96-i23.open.s3.amazonaws.com/2c9fafb06477f4cb0164895548a600a3/579827e9-7622-4859-9cfb-c8246d34813c___people-stores-m-g-road-indore-readymade-garment-retailers-3f7b3ve.jpg.jpeg","Emotion_Neutral","Age_20_30","E_Indian","G_Male","","","0.3438874230430959","0.44339622641509435","2000","1493","null","1531584953000","1531584953000","14","HWbICv9u4uSnWrU830DjuF7FfMK2"
"","","","","","","","0.3641160949868074","0.4669811320754717","","","","","","",""
"http://com.dataturks.a96-i23.open.s3.amazonaws.com/2c9fafb06477f4cb0164895548a600a3/2c1e8d33-4ba4-4a1c-90be-fba6712fa8c1___04-as_chain_stores_540-ab.jpg.jpeg","Emotion_Neutral","Age_30_40","E_White","G_Male","","","0.34740545294635006","0.3422982885085575","1000","360","null","1531478669000","1531478669000","69","HWbICv9u4uSnWrU830DjuF7FfMK2"
"","","","","","","","0.38698328935795956","0.4156479217603912","","","","","","",""
"","Emotion_Neutral","Age_below20","E_Asian","G_Male","","","0.14335971855760773","0.3374083129584352","1000","360","","","","",""
"","","","","","","","0.17502198768689534","0.4278728606356968","","","","","","",""
"","Emotion_Neutral","Age_30_40","E_White","G_ Female","","","0.6965699208443272","0.3374083129584352","1000","360","","","","",""
"","","","","","","","0.7352682497801232","0.43276283618581907","","","","","","",""
"","Emotion_Neutral","Age_20_30","E_White","G_ Female","","","0.4872471416007036","0.37163814180929094","1000","360","","","","",""
"","","","","","","","0.5118733509234829","0.43765281173594134","","","","","","",""
"","Not_Face","","","","","","0.23043095866314864","0.35207823960880197","1000","360","","","","",""
"","","","","","","","0.2532981530343008","0.4254278728606357","","","","","","",""
"http://com.dataturks.a96-i23.open.s3.amazonaws.com/2c9fafb06477f4cb0164895548a600a3/cb5cf8b7-4ccb-4ffb-a9fd-7e833bb373b3___rawImage.jpg.jpeg","Emotion_Neutral","Age_30_40","E_White","G_Male","","","0.3702726473175022","0.09270704573547589","2048","1458","null","1531657770000","1531657770000","25","HWbICv9u4uSnWrU830DjuF7FfMK2"
"","","","","","","","0.5162708883025505","0.31396786155747836","","","","","","",""
"http://com.dataturks.a96-i23.open.s3.amazonaws.com/2c9fafb06477f4cb0164895548a600a3/f76e3638-4317-4732-8070-3b8744e6477e___people-waiting-in-line-with-shopping-baskets-at-grocery-store-EN3NJY.jpg.jpeg","Emotion_Sad","Age_20_30","E_White","G_Male","","","0.09498680738786279","0.11842105263157894","1300","956","null","1531658079000","1531658079000","81","HWbICv9u4uSnWrU830DjuF7FfMK2"
"","","","","","","","0.1600703605980651","0.21650717703349281","","","","","","",""
"","Emotion_Neutral","Age_20_30","E_White","G_ Female","","","0.2497801231310466","0.2021531100478469","1300","956","","","","",""
"","","","","","","","0.31574318381706246","0.284688995215311","","","","","","",""
"","Emotion_Happy","Age_20_30","E_White","G_ Female","","","0.484608619173263","0.19138755980861244","1300","956","","","","",""
"","","","","","","","0.5514511873350924","0.2799043062200957","","","","","","",""
"","Emotion_Neutral","Age_20_30","E_Asian","G_Male","","","0.6437994722955145","0.17583732057416268","1300","956","","","","",""
"","","","","","","","0.7167985927880387","0.26913875598086123","","","","","","",""
"","Emotion_Angry","Age_30_40","E_Hispanic","G_Male","","","0.7897977132805629","0.2236842105263158","1300","956","","","","",""
"","","","","","","","0.8566402814423922","0.33133971291866027","","","","","","",""
"http://com.dataturks.a96-i23.open.s3.amazonaws.com/2c9fafb06477f4cb0164895548a600a3/226150af-4981-4397-a949-e559a67821e6___Shipt_Target_1_0.jpg.jpeg","Emotion_Happy","Age_20_30","E_Hispanic","G_ Female","","","0.575197889182058","0.015254237288135594","770","400","null","1531479101000","1531479101000","17","HWbICv9u4uSnWrU830DjuF7FfMK2"
"","","","","","","","0.6877748460861918","0.23728813559322035","","","","","","",""
"http://com.dataturks.a96-i23.open.s3.amazonaws.com/2c9fafb06477f4cb0164895548a600a3/29e93cc6-14e8-48a0-a4ed-eae2d13c2541___clickforcand.jpg.jpeg","Emotion_Neutral","Age_above_50","E_White","G_Male","","","0.21372031662269128","0.11889035667107001","512","341","null","1531657571000","1531657571000","15","HWbICv9u4uSnWrU830DjuF7FfMK2"
"","","","","","","","0.2937554969217238","0.26420079260237783","","","","","","",""
"http://com.dataturks.a96-i23.open.s3.amazonaws.com/2c9fafb06477f4cb0164895548a600a3/1c9c6d15-9939-45bf-8bb0-5a06f5030e32___476849083_10.jpg.jpeg","Emotion_Neutral","Age_30_40","E_White","G_Male","","","0.4925241864555849","0.2862796833773087","4000","2667","null","1531552269000","1531552269000","31","HWbICv9u4uSnWrU830DjuF7FfMK2"
"","","","","","","","0.55584872471416","0.370712401055409","","","","","","",""
"http://com.dataturks.a96-i23.open.s3.amazonaws.com/2c9fafb06477f4cb0164895548a600a3/21dd183b-3283-464f-8785-610d0e6b6cf5___1767910_53c8e8e8d9ba8c4ae0163df14bd0f676-692x360.jpg.jpeg","Not_Face","","","","","","0.4256816182937555","0.45516074450084604","692","360","null","1531657698000","1531657698000","45","HWbICv9u4uSnWrU830DjuF7FfMK2"
"","","","","","","","0.4766930518909411","0.5296108291032149","","","","","","",""
"","Not_Face","","","","","","0.5092348284960422","0.5431472081218274","692","360","","","","",""
"","","","","","","","0.5391380826737028","0.5989847715736041","","","","","","",""
"","Not_Face","","","","","","0.025505716798592787","0.4500846023688663","692","360","","","","",""
"","","","","","","","0.06068601583113457","0.5126903553299492","","","","","","",""
"","Emotion_Neutral","Age_below20","E_Asian","G_Male","","","0.42216358839050133","0.6514382402707276","692","360","","","","",""
"","","","","","","","0.46965699208443273","0.7309644670050761","","","","","","",""
"","Emotion_Neutral","Age_20_30","E_Asian","G_Male","","","0.8979771328056289","0.43485617597292725","692","360","","","","",""
"","","","","","","","0.9445910290237467","0.5160744500846024","","","","","","",""
"http://com.dataturks.a96-i23.open.s3.amazonaws.com/2c9fafb06477f4cb0164895548a600a3/c4f62ce3-3343-4db0-b1d1-3cf4233ad928___28re15.jpg.jpeg","Emotion_Sad","Age_20_30","E_Indian","G_ Female","","","0.158311345646438","0.5335018963337548","500","348","null","1531479706000","1531479706000","65","HWbICv9u4uSnWrU830DjuF7FfMK2"
"","","","","","","","0.2612137203166227","0.6624525916561315","","","","","","",""
"","Emotion_Sad","Age_20_30","E_Indian","G_Male","","","0.44239226033421286","0.46017699115044247","500","348","","","","",""
"","","","","","","","0.5021987686895338","0.538558786346397","","","","","","",""
"","Emotion_Neutral","Age_20_30","E_Indian","G_Male","","","0.45910290237467016","0.3527180783817952","500","348","","","","",""
"","","","","","","","0.5145118733509235","0.43742098609355246","","","","","","",""
"","Not_Face","","","","","","0.6569920844327177","0.3552465233881163","500","348","","","","",""
"","","","","","","","0.7115215479331575","0.44879898862199746","","","","","","",""
"","Not_Face","","","","","","0.5637642919964819","0.3615676359039191","500","348","","","","",""
"","","","","","","","0.6068601583113457","0.43742098609355246","","","","","","",""
"","Emotion_Neutral","Age_20_30","E_Indian","G_Male","","","0.7572559366754618","0.32869785082174463","500","348","","","","",""
"","","","","","","","0.7827616534740546","0.3843236409608091","","","","","","",""
"","Not_Face","","","","","","0.9173262972735268","0.2579013906447535","500","348","","","","",""
"","","","","","","","0.9656992084432717","0.347661188369153","","","","","","",""
"","Not_Face","","","","","","0.7924362357080035","0.2579013906447535","500","348","","","","",""
"","","","","","","","0.8742304309586632","0.393173198482933","","","","","","",""
"http://com.dataturks.a96-i23.open.s3.amazonaws.com/2c9fafb06477f4cb0164895548a600a3/70b36f19-9772-496c-a3da-068158de66d8___Emporium-Young-store-by-Garde-Italy-Baku-Azerbaijan.jpg.jpeg","Not_Face","","","","","","0.36418166238217653","0.4781491002570694","720","480","null","1533305517000","1533305517000","0","HWbICv9u4uSnWrU830DjuF7FfMK2"
"","","","","","","","0.389031705227078","0.5205655526992288","","","","","","",""
"http://com.dataturks.a96-i23.open.s3.amazonaws.com/2c9fafb06477f4cb0164895548a600a3/abd57ae7-e8bb-447d-b2df-df7c802cdd6e___comeback.jpg.jpeg","Emotion_Happy","Age_20_30","E_Hispanic","G_ Female","","","0.11961301671064203","0.3034300791556728","1000","667","null","1531584797000","1531584797000","65","HWbICv9u4uSnWrU830DjuF7FfMK2"
"","","","","","","","0.23834652594547054","0.4841688654353562","","","","","","",""
"","Emotion_Happy","Age_20_30","E_Black","G_ Female","","","0.30606860158311344","0.22427440633245382","1000","667","","","","",""
"","","","","","","","0.42216358839050133","0.36675461741424803","","","","","","",""
"","Emotion_Happy","Age_20_30","E_White","G_ Female","","","0.8003518029903254","0.21899736147757257","1000","667","","","","",""
"","","","","","","","0.93051890941073","0.41688654353562005","","","","","","",""
"http://com.dataturks.a96-i23.open.s3.amazonaws.com/2c9fafb06477f4cb0164895548a600a3/4d7d6428-27bb-4ac5-8780-d697b4e9c5f8___main_department.jpg.jpeg","Emotion_Happy","Age_20_30","E_Asian","G_ Female","","","0.4450307827616535","0.26740947075208915","642","203","null","1531720659000","1531720659000","35","HWbICv9u4uSnWrU830DjuF7FfMK2"
"","","","","","","","0.4925241864555849","0.43454038997214484","","","","","","",""
"","Emotion_Happy","Age_20_30","E_Asian","G_ Female","","","0.6191732629727352","0.1532033426183844","642","203","","","","",""
"","","","","","","","0.6613896218117854","0.3370473537604457","","","","","","",""
"","Emotion_Neutral","Age_20_30","G_ Female","E_Asian","","","0.9278803869832893","0.36768802228412256","642","203","","","","",""
"","","","","","","","0.9542656112576957","0.44846796657381616","","","","","","",""
"http://com.dataturks.a96-i23.open.s3.amazonaws.com/2c9fafb06477f4cb0164895548a600a3/49580a3b-3720-4c03-8fd3-a2008425455e___fmcg_720-770x433.jpg.jpeg","Emotion_Neutral","Age_above_50","E_Asian","G_ Female","","","0.503957783641161","0.3442879499217527","770","433","null","1531657728000","1531657728000","14","HWbICv9u4uSnWrU830DjuF7FfMK2"
"","","","","","","","0.525065963060686","0.38497652582159625","","","","","","",""
"http://com.dataturks.a96-i23.open.s3.amazonaws.com/2c9fafb06477f4cb0164895548a600a3/b8a72335-4a4f-4391-80ea-b9c5b83cb2dd___store-brands.jpg.jpeg","Emotion_Happy","Age_30_40","E_White","G_ Female","","","0.6323658751099385","0.09859154929577464","1280","800","null","1531657968000","1531657968000","28","HWbICv9u4uSnWrU830DjuF7FfMK2"
"","","","","","","","0.7176781002638523","0.23380281690140844","","","","","","",""
"","Emotion_Happy","Age_30_40","E_Black","G_ Female","","","0.3729111697449428","0.06338028169014084","1280","800","","","","",""
"","","","","","","","0.41160949868073876","0.1323943661971831","","","","","","",""
"","Not_Face","","","","","","0.4714160070360598","0.056338028169014086","1280","800","","","","",""
"","","","","","","","0.4925241864555849","0.09014084507042254","","","","","","",""
"http://com.dataturks.a96-i23.open.s3.amazonaws.com/2c9fafb06477f4cb0164895548a600a3/031f175c-10cc-4601-9331-45cbb3c15e20___ALDI_NewToALDI_ShoppingAtALDI_InformationPage_316x284_Desktop_2.jpg.jpeg","Age_30_40","Emotion_Happy","E_White","G_ Female","","","0.15303430079155672","0.0029354207436399216","316","284","null","1531657646000","1531657646000","26","HWbICv9u4uSnWrU830DjuF7FfMK2"
"","","","","","","","0.3702726473175022","0.3101761252446184","","","","","","",""
"","Emotion_Happy","Age_below20","E_White","G_ Female","","","0.3403693931398417","0.3385518590998043","316","284","","","","",""
"","","","","","","","0.5382585751978892","0.5929549902152642","","","","","","",""
"http://com.dataturks.a96-i23.open.s3.amazonaws.com/2c9fafb06477f4cb0164895548a600a3/a231edfb-df3f-4ede-9786-a275517be42a___dpt_jc-penney-gettyimages-526660758.jpg.jpeg","Emotion_Happy","Age_30_40","E_Black","G_Male","","","0.792630676949443","0.4087403598971722","2880","1920","null","1531383549000","1531383549000","66","HWbICv9u4uSnWrU830DjuF7FfMK2"
"","","","","","","","0.8277634961439588","0.4640102827763496","","","","","","",""
"","Not_Face","","","","","","0.712082262210797","0.4588688946015424","2880","1920","","","","",""
"","","","","","","","0.7360754070265638","0.4845758354755784","","","","","","",""
"http://com.dataturks.a96-i23.open.s3.amazonaws.com/2c9fafb06477f4cb0164895548a600a3/9c932c84-4da3-4c33-935f-effa37f1064d___dollargeneral4_600x400.jpg.jpeg","Emotion_Neutral","Age_30_40","E_White","G_Male","","","0.37730870712401055","0.6873350923482849","600","400","null","1531584388000","1531584388000","0","HWbICv9u4uSnWrU830DjuF7FfMK2"
"","","","","","","","0.43447669305189096","0.7796833773087071","","","","","","",""
"","Not_Face","","","","","","0.46613896218117856","0.6503957783641161","600","400","","","","",""
"","","","","","","","0.5189094107299912","0.7229551451187335","","","","","","",""
"","Emotion_Neutral","Age_20_30","E_White","G_ Female","","","0.5197889182058048","0.5026385224274407","600","400","","","","",""
"","","","","","","","0.5505716798592788","0.5527704485488126","","","","","","",""
"","Emotion_Neutral","Age_20_30","E_White","G_ Female","","","0.6824978012313104","0.5778364116094987","600","400","","","","",""
"","","","","","","","0.7185576077396658","0.6464379947229553","","","","","","",""
"http://com.dataturks.a96-i23.open.s3.amazonaws.com/2c9fafb06477f4cb0164895548a600a3/e1ac63b0-03e2-4ed8-9ca5-c2343df7768b___loblaws.jpg.jpeg","Not_Face","","","","","","0.6789797713280563","0.09389671361502347","620","465","null","1531584598000","1531584598000","44","HWbICv9u4uSnWrU830DjuF7FfMK2"
"","","","","","","","0.7598944591029023","0.1596244131455399","","","","","","",""
"","Emotion_Neutral","Age_20_30","E_Asian","G_ Female","","","0.8531222515391381","0.06338028169014084","620","465","","","","",""
"","","","","","","","0.9138082673702727","0.16666666666666666","","","","","","",""
"","Emotion_Happy","Age_30_40","E_Black","G_ Female","","","0.36323658751099386","0.07863849765258216","620","465","","","","",""
"","","","","","","","0.5329815303430079","0.31103286384976525","","","","","","",""
"http://com.dataturks.a96-i23.open.s3.amazonaws.com/2c9fafb06477f4cb0164895548a600a3/3c511499-5bfb-4cf9-bca3-3525ee6a4428___625644584.jpg.jpeg","Emotion_Neutral","Age_20_30","E_Black","G_Male","","","0.1248900615655233","0.11744583808437856","4288","3308","null","1531479305000","1531479305000","68","HWbICv9u4uSnWrU830DjuF7FfMK2"
"","","","","","","","0.2040457343887423","0.2394526795895097","","","","","","",""
"","Emotion_Neutral","Age_20_30","E_Hispanic","G_Male","","","0.6200527704485488","0.14253135689851767","4288","3308","","","","",""
"","","","","","","","0.6561125769569042","0.1961231470923603","","","","","","",""
"","Emotion_Neutral","Age_20_30","E_Hispanic","E_Arab","G_Male","","0.7774846086191732","0.09578107183580388","4288","3308","","","","",""
"","","","","","","","0.8100263852242744","0.1790193842645382","","","","","","",""
"","Emotion_Neutral","Age_20_30","E_Black","G_ Female","","","0.7326297273526825","0.18928164196123148","4288","3308","","","","",""
"","","","","","","","0.8100263852242744","0.2782212086659065","","","","","","",""
"http://com.dataturks.a96-i23.open.s3.amazonaws.com/2c9fafb06477f4cb0164895548a600a3/ab00cf32-c505-4ac0-b7bc-decb3bc18f83___the-lego-store.jpeg","","","","","","","","","","","null","1533196497000","1533196497000","55","HWbICv9u4uSnWrU830DjuF7FfMK2"
"http://com.dataturks.a96-i23.open.s3.amazonaws.com/2c9fafb06477f4cb0164895548a600a3/3b8e7de0-ec2b-409b-9f92-6c7480e8bf84___loblaw-shoppers-competition-bureau.jpg.jpeg","Not_Face","","","","","","0.5338610378188214","0.5046948356807511","620","465","null","1531467494000","1531467494000","0","HWbICv9u4uSnWrU830DjuF7FfMK2"
"","","","","","","","0.575197889182058","0.5492957746478874","","","","","","",""
"","Not_Face","","","","","","0.6086191732629728","0.4988262910798122","620","465","","","","",""
"","","","","","","","0.644678979771328","0.5363849765258216","","","","","","",""
"http://com.dataturks.a96-i23.open.s3.amazonaws.com/2c9fafb06477f4cb0164895548a600a3/e8298286-48b1-4e4d-a235-079bbef9bcb8___DSC_1251.jpg.jpeg","Emotion_Neutral","Age_40_50","E_Asian","G_Male","","","0.13280562884784522","0.19261213720316622","6000","4000","null","1531584702000","1531584702000","22","HWbICv9u4uSnWrU830DjuF7FfMK2"
"","","","","","","","0.1996481970096746","0.31926121372031663","","","","","","",""
"http://com.dataturks.a96-i23.open.s3.amazonaws.com/2c9fafb06477f4cb0164895548a600a3/7dfa0b38-f1d4-4407-ae9a-a83e899042c0___5a42f992b2458.image.jpg.jpeg","Not_Face","","","","","","0.8311345646437994","0.27887323943661974","800","500","null","1531658115000","1531658115000","27","HWbICv9u4uSnWrU830DjuF7FfMK2"
"","","","","","","","0.899736147757256","0.3788732394366197","","","","","","",""
"","Not_Face","","","","","","0.36147757255936674","0.29295774647887324","800","500","","","","",""
"","","","","","","","0.4177660510114336","0.3591549295774648","","","","","","",""
"","Not_Face","","","","","","0.38522427440633245","0.34507042253521125","800","500","","","","",""
"","","","","","","","0.44063324538258575","0.4014084507042254","","","","","","",""
"","Not_Face","","","","","","0.2937554969217238","0.35774647887323946","800","500","","","","",""
"","","","","","","","0.35356200527704484","0.447887323943662","","","","","","",""
"http://com.dataturks.a96-i23.open.s3.amazonaws.com/2c9fafb06477f4cb0164895548a600a3/8e806ee1-f9cd-42d7-96bd-b702c3d4370b___images7Ccms-image-000039072.jpg.jpeg","Emotion_Happy","Age_40_50","E_White","G_Male","","","0.37115215479331576","0.21635883905013192","600","400","null","1531721380000","1531721380000","65","HWbICv9u4uSnWrU830DjuF7FfMK2"
"","","","","","","","0.41952506596306066","0.3073878627968338","","","","","","",""
"","Not_Face","Age_40_50","G_ Female","","","","0.6226912928759895","0.31926121372031663","600","400","","","","",""
"","","","","","","","0.6605101143359718","0.3865435356200528","","","","","","",""
"","Emotion_Neutral","Age_30_40","E_White","G_ Female","","","0.15127528583992964","0.3007915567282322","600","400","","","","",""
"","","","","","","","0.19876868953386104","0.36015831134564646","","","","","","",""
"","Emotion_Neutral","Age_40_50","E_White","G_Male","","","0.025505716798592787","0.23878627968337732","600","400","","","","",""
"","","","","","","","0.05716798592788039","0.2862796833773087","","","","","","",""
"","Emotion_Happy","Age_30_40","E_White","G_ Female","","","0.018469656992084433","0.28232189973614774","600","400","","","","",""
"","","","","","","","0.05013192612137203","0.3311345646437995","","","","","","",""
"","Not_Face","","","","","","0.951627088830255","0.2717678100263852","600","400","","","","",""
"","","","","","","","0.978891820580475","0.316622691292876","","","","","","",""
"http://com.dataturks.a96-i23.open.s3.amazonaws.com/2c9fafb06477f4cb0164895548a600a3/204ee408-2cfd-4197-9184-faf7f42cf8cf___pic-kroger750xx956-1274-15-0.jpg.jpeg","Emotion_Happy","","","","","","0.3007915567282322","0.4537648612945839","750","999","null","1533196388000","1533196388000","30","HWbICv9u4uSnWrU830DjuF7FfMK2"
"","","","","","","","0.33421284080914687","0.4867899603698811","","","","","","",""
"","Emotion_Happy","","","","","","0.19700967458223395","0.5931307793923382","750","999","","","","",""
"","","","","","","","0.24538258575197888","0.6301188903566711","","","","","","",""
"","Emotion_Happy","","","","","","0.43447669305189096","0.6136063408190224","750","999","","","","",""
"","","","","","","","0.4969217238346526","0.6571994715984147","","","","","","",""
"","Emotion_Neutral","","","","","","0.8742304309586632","0.6010568031704095","750","999","","","","",""
"","","","","","","","0.9261213720316622","0.6446499339498019","","","","","","",""
"http://com.dataturks.a96-i23.open.s3.amazonaws.com/2c9fafb06477f4cb0164895548a600a3/2da8cf6b-a66a-43a5-9bd1-e598afc41f59___587ff924ee14b62b008b8c85-750-563.jpg.jpeg","Emotion_Neutral","Age_20_30","E_Black","G_ Female","","","0.5699208443271768","0.21570926143024619","750","563","null","1531552518000","1531552518000","78","HWbICv9u4uSnWrU830DjuF7FfMK2"
"","","","","","","","0.6253298153034301","0.2801875732708089","","","","","","",""
"","Emotion_Neutral","Age_20_30","E_Black","G_ Female","","","0.46613896218117856","0.24970691676436108","750","563","","","","",""
"","","","","","","","0.5523306948109059","0.33411488862837047","","","","","","",""
"","Emotion_Neutral","Age_20_30","E_White","G_Male","","","0.9076517150395779","0.022274325908558032","750","563","","","","",""
"","","","","","","","0.9551451187335093","0.0738569753810082","","","","","","",""
"","Not_Face","","","","","","0.20140721196130168","0.14419695193434937","750","563","","","","",""
"","","","","","","","0.26033421284080915","0.1981242672919109","","","","","","",""
"","Emotion_Neutral","Age_30_40","E_Black","G_ Female","","","0.0712401055408971","0.20867526377491208","750","563","","","","",""
"","","","","","","","0.26033421284080915","0.511137162954279","","","","","","",""
"","Emotion_Neutral","Age_20_30","E_Black","G_ Female","","","0.6455584872471416","0.005861664712778429","750","563","","","","",""
"","","","","","","","0.8056288478452067","0.2508792497069168","","","","","","",""
"http://com.dataturks.a96-i23.open.s3.amazonaws.com/2c9fafb06477f4cb0164895548a600a3/c33c6a93-10dd-4f6f-959f-9b6ab323ab27___Aldi0051.jpg.jpeg","Emotion_Neutral","Age_30_40","E_White","G_Male","","","0.3975373790677221","0.30606860158311344","1200","800","null","1531720967000","1531720967000","16","HWbICv9u4uSnWrU830DjuF7FfMK2"
"","","","","","","","0.44854881266490765","0.39577836411609496","","","","","","",""
"","Not_Face","","","","","","0.4766930518909411","0.39313984168865435","1200","800","","","","",""
"","","","","","","","0.4890061565523307","0.4182058047493404","","","","","","",""
"http://com.dataturks.a96-i23.open.s3.amazonaws.com/2c9fafb06477f4cb0164895548a600a3/851555b1-44c3-4d6e-970f-fe3a0371a38a___Holiday-bags.jpg.jpeg","Emotion_Happy","Age_20_30","E_White","G_ Female","","","0.37730870712401055","0.2623688155922039","750","440","null","1531720674000","1531720674000","11","HWbICv9u4uSnWrU830DjuF7FfMK2"
"","","","","","","","0.5083553210202286","0.5337331334332833","","","","","","",""
"http://com.dataturks.a96-i23.open.s3.amazonaws.com/2c9fafb06477f4cb0164895548a600a3/360d5efa-b2af-4600-9b26-41e7694f32fc___Charlies-Designs-Blog-Shopping-1.jpg.jpeg","Emotion_Neutral","Age_30_40","E_White","G_Male","","","0.3676341248900616","0.12519561815336464","685","385","null","1531720620000","1531720620000","45","HWbICv9u4uSnWrU830DjuF7FfMK2"
"","","","","","","","0.43799472295514513","0.27073552425665104","","","","","","",""
"","Emotion_Neutral","Age_20_30","G_ Female","E_White","","","0.544415127528584","0.11267605633802817","685","385","","","","",""
"","","","","","","","0.635004397537379","0.26291079812206575","","","","","","",""
"http://com.dataturks.a96-i23.open.s3.amazonaws.com/2c9fafb06477f4cb0164895548a600a3/d82f2c95-c7fc-4c55-a4be-6a767249d860___target-check-out-1024x683.jpg.jpeg","Emotion_Sad","Age_20_30","E_White","G_ Female","","","0.2928759894459103","0.013192612137203167","1024","683","null","1531720573000","1531720573000","43","HWbICv9u4uSnWrU830DjuF7FfMK2"
"","","","","","","","0.3729111697449428","0.13720316622691292","","","","","","",""
"","Emotion_Neutral","Age_20_30","E_Black","G_ Female","","","0.6983289357959542","0.011873350923482849","1024","683","","","","",""
"","","","","","","","0.7590149516270889","0.1358839050131926","","","","","","",""
"","Emotion_Neutral","Age_30_40","E_Black","G_Male","","","0.158311345646438","0.24274406332453827","1024","683","","","","",""
"","","","","","","","0.1943711521547933","0.2928759894459103","","","","","","",""
"","Emotion_Neutral","Age_below20","G_ Female","E_Black","","","0.2154793315743184","0.2678100263852243","1024","683","","","","",""
"","","","","","","","0.23482849604221637","0.3034300791556728","","","","","","",""
"http://com.dataturks.a96-i23.open.s3.amazonaws.com/2c9fafb06477f4cb0164895548a600a3/5b2522b8-308c-4f5a-9133-801516f7c869___argentine-people-stores-shops-shoppers-shopping-san-carlos-de-bariloche-AJHMHF.jpg.jpeg","Emotion_Neutral","Age_below20","E_White","G_ Female","","","0.37115215479331576","0.44846796657381616","880","1390","null","1531852528000","1531852528000","44","HWbICv9u4uSnWrU830DjuF7FfMK2"
"","","","","","","","0.4239226033421284","0.486908077994429","","","","","","",""
"","Emotion_Happy","Age_20_30","E_White","G_ Female","","","0.5417766051011433","0.4473537604456824","880","1390","","","","",""
"","","","","","","","0.5936675461741425","0.49025069637883006","","","","","","",""
"","Emotion_Happy","Age_20_30","E_White","G_ Female","","","0.7053649956024626","0.4501392757660167","880","1390","","","","",""
"","","","","","","","0.7695690413368513","0.49415041782729807","","","","","","",""
"","Not_Face","","","","","","0.43799472295514513","0.4055710306406685","880","1390","","","","",""
"","","","","","","","0.4810905892700088","0.43008356545961","","","","","","",""
"","Not_Face","","","","","","0.6358839050131926","0.4161559888579387","880","1390","","","","",""
"","","","","","","","0.6587510993843447","0.43119777158774375","","","","","","",""
"","Not_Face","","","","","","0.23482849604221637","0.41949860724233984","880","1390","","","","",""
"","","","","","","","0.3201407211961302","0.48523676880222844","","","","","","",""
"http://com.dataturks.a96-i23.open.s3.amazonaws.com/2c9fafb06477f4cb0164895548a600a3/838f57a2-c26d-41b9-b440-789b79ff78d7___no-one-is-talking-about-a-major-reason-that-people-arent-shopping-for-clothes-in-stores.jpg.png","Not_Face","","","","","","0.05452946350043975","0.056338028169014086","1148","861","null","1531479629000","1531479629000","7","HWbICv9u4uSnWrU830DjuF7FfMK2"
"","","","","","","","0.21108179419525067","0.35093896713615025","","","","","","",""
"http://com.dataturks.a96-i23.open.s3.amazonaws.com/2c9fafb06477f4cb0164895548a600a3/10b01945-a777-4c20-932e-41f305141036___chanel.jpg.jpeg","Not_Face","","","","","","0.2198768689533861","0.36106194690265486","624","310","null","1531479339000","1531479339000","18","HWbICv9u4uSnWrU830DjuF7FfMK2"
"","","","","","","","0.2541776605101143","0.4424778761061947","","","","","","",""
"","Not_Face","","","","","","0.7036059806508356","0.3752212389380531","624","310","","","","",""
"","","","","","","","0.7326297273526825","0.44601769911504424","","","","","","",""
"","Not_Face","","","","","","0.7642919964819701","0.35929203539823007","624","310","","","","",""
"","","","","","","","0.8003518029903254","0.4495575221238938","","","","","","",""
"","Not_Face","","","","","","0.47053649956024624","0.4336283185840708","624","310","","","","",""
"","","","","","","","0.503957783641161","0.5221238938053098","","","","","","",""
"","Not_Face","","","","","","0.405452946350044","0.4194690265486726","624","310","","","","",""
"","","","","","","","0.4371152154793316","0.4778761061946903","","","","","","",""
"http://com.dataturks.a96-i23.open.s3.amazonaws.com/2c9fafb06477f4cb0164895548a600a3/7ef8e8e2-6311-496b-ac07-2d215515b7b2___woman_shopping_retail_store.jpg.jpeg","Emotion_Neutral","Age_20_30","E_White","G_ Female","","","0.5101143359718557","0.20634920634920634","1404","934","null","1531721264000","1531721264000","27","HWbICv9u4uSnWrU830DjuF7FfMK2"
"","","","","","","","0.6552330694810906","0.4656084656084656","","","","","","",""
"","Emotion_Neutral","Age_30_40","E_White","G_ Female","","","0.11785400175901495","0.2671957671957672","1404","934","","","","",""
"","","","","","","","0.218117854001759","0.3862433862433862","","","","","","",""
"http://com.dataturks.a96-i23.open.s3.amazonaws.com/2c9fafb06477f4cb0164895548a600a3/2d6231ea-1e64-445b-95ff-3f3791b181e1___shop-min.jpg.jpeg","Emotion_Happy","Age_20_30","E_White","G_ Female","","","0.44473007712082263","0.3972911963882618","1600","607","null","1533305610000","1533305610000","80","HWbICv9u4uSnWrU830DjuF7FfMK2"
"","","","","","","","0.4781491002570694","0.4966139954853273","","","","","","",""
"","Emotion_Happy","Age_30_40","E_White","G_ Female","","","0.519280205655527","0.3611738148984199","1600","607","","","","",""
"","","","","","","","0.5638389031705227","0.4785553047404063","","","","","","",""
"","Emotion_Happy","Age_30_40","E_White","G_ Female","","","0.6212510711225364","0.4604966139954853","1600","607","","","","",""
"","","","","","","","0.6580976863753213","0.5869074492099323","","","","","","",""
"","Emotion_Neutral","Age_40_50","E_White","G_ Female","","","0.766923736075407","0.41309255079006774","1600","607","","","","",""
"","","","","","","","0.8200514138817481","0.54627539503386","","","","","","",""
"","Emotion_Neutral","Age_40_50","E_White","G_Male","","","0.7000856898029134","0.4040632054176072","1600","607","","","","",""
"","","","","","","","0.7172236503856041","0.45598194130925507","","","","","","",""
"http://com.dataturks.a96-i23.open.s3.amazonaws.com/2c9fafb06477f4cb0164895548a600a3/351cdb5d-948b-4258-8a89-3ba163a70831___5242.jpg.jpeg","Emotion_Neutral","Age_30_40","E_Indian","G_Male","","","0.6965699208443272","0.1936619718309859","480","360","null","1531584975000","1531584975000","20","HWbICv9u4uSnWrU830DjuF7FfMK2"
"","","","","","","","0.8012313104661389","0.323943661971831","","","","","","",""
"http://com.dataturks.a96-i23.open.s3.amazonaws.com/2c9fafb06477f4cb0164895548a600a3/c82c2a87-2f24-4a15-8114-02c734b18b0c___filename-3116-76148637276.jpg.jpeg","Not_Face","","","","","","0.4467897977132806","0.48296122209165687","550","412","null","1531584932000","1531584932000","50","HWbICv9u4uSnWrU830DjuF7FfMK2"
"","","","","","","","0.484608619173263","0.5511163337250293","","","","","","",""
"","Not_Face","","","","","","0.6974494283201407","0.5158636897767332","550","412","","","","",""
"","","","","","","","0.7519788918205804","0.5840188014101058","","","","","","",""
"","Not_Face","","","","","","0.5804749340369393","0.5217391304347826","550","412","","","","",""
"","","","","","","","0.604221635883905","0.5522914218566393","","","","","","",""
"","Not_Face","","","","","","0.6587510993843447","0.5052878965922444","550","412","","","","",""
"","","","","","","","0.6807387862796834","0.5346650998824912","","","","","","",""
"","Not_Face","","","","","","0.8144239226033422","0.5170387779083431","550","412","","","","",""
"","","","","","","","0.8337730870712401","0.5428907168037603","","","","","","",""
"","Not_Face","","","","","","0.9014951627088831","0.4970622796709753","550","412","","","","",""
"","","","","","","","0.9261213720316622","0.5264394829612221","","","","","","",""
"","Not_Face","","","","","","0.9445910290237467","0.5123384253819037","550","412","","","","",""
"","","","","","","","0.9621811785400176","0.5440658049353702","","","","","","",""
"","Not_Face","","","","","","0.7810026385224275","0.5393654524089306","550","412","","","","",""
"","","","","","","","0.7985927880386984","0.5687426556991775","","","","","","",""
"","Not_Face","","","","","","0.7598944591029023","0.5099882491186839","550","412","","","","",""
"","","","","","","","0.7748460861917326","0.5393654524089306","","","","","","",""
"http://com.dataturks.a96-i23.open.s3.amazonaws.com/2c9fafb06477f4cb0164895548a600a3/fb213ec4-10a9-4d1e-af66-fbd9c9833ce8___1208insight_gurudev.jpg.jpeg","Emotion_Neutral","Age_below20","E_Indian","G_ Female","","","0.5101143359718557","0.22459016393442624","494","265","null","1531478880000","1531478880000","91","HWbICv9u4uSnWrU830DjuF7FfMK2"
"","","","","","","","0.5690413368513633","0.3704918032786885","","","","","","",""
"","Emotion_Neutral","Age_20_30","E_Indian","G_ Female","","","0.306948109058927","0.31311475409836065","494","265","","","","",""
"","","","","","","","0.3491644678979771","0.3885245901639344","","","","","","",""
"","Emotion_Sad","Age_20_30","E_Indian","G_Male","","","0.0395778364116095","0.25901639344262295","494","265","","","","",""
"","","","","","","","0.0932277924362357","0.33934426229508197","","","","","","",""
"","Emotion_Happy","Age_30_40","E_Indian","G_Male","","","0.9085312225153914","0.16393442622950818","494","265","","","","",""
"","","","","","","","0.969217238346526","0.27704918032786885","","","","","","",""
"","Emotion_Neutral","Age_40_50","E_Indian","G_Male","","","0.158311345646438","0.26885245901639343","494","265","","","","",""
"","","","","","","","0.19876868953386104","0.34590163934426227","","","","","","",""
"","Not_Face","","","","","","0.016710642040457344","0.4737704918032787","494","265","","","","",""
"","","","","","","","0.2233948988566403","0.8852459016393442","","","","","","",""
"","Emotion_Neutral","Age_above_50","E_Indian","G_Male","","","0.2647317502198769","0.2754098360655738","494","265","","","","",""
"","","","","","","","0.2937554969217238","0.34098360655737703","","","","","","",""
"","Not_Face","","","","","","0.20052770448548812","0.3360655737704918","494","265","","","","",""
"","","","","","","","0.23218997361477572","0.40491803278688526","","","","","","",""
"http://com.dataturks.a96-i23.open.s3.amazonaws.com/2c9fafb06477f4cb0164895548a600a3/903071b8-b13d-4227-8e22-2c531ceb531c___retail-kByD--621x414LiveMint.jpg.jpeg","Emotion_Neutral","","","","","","0.45822339489885666","0.036939313984168866","621","414","null","1533196413000","1533196413000","14","HWbICv9u4uSnWrU830DjuF7FfMK2"
"","","","","","","","0.5787159190853123","0.20712401055408972","","","","","","",""
"","Emotion_Neutral","","","","","","0.33773087071240104","0.16358839050131926","621","414","","","","",""
"","","","","","","","0.49340369393139843","0.3496042216358839","","","","","","",""
"http://com.dataturks.a96-i23.open.s3.amazonaws.com/2c9fafb06477f4cb0164895548a600a3/41a0848c-c319-405a-b607-574abd85a895___Varsha-Pawar-star-bazaar.jpg.jpeg","Emotion_Neutral","Age_30_40","E_Indian","G_Male","","","0.3605980650835532","0.06572769953051644","4128","2322","null","1531657918000","1531657918000","25","HWbICv9u4uSnWrU830DjuF7FfMK2"
"","","","","","","","0.4599824098504837","0.2535211267605634","","","","","","",""
"","Emotion_Neutral","Age_20_30","E_Indian","G_ Female","","","0.6051011433597185","0.17370892018779344","4128","2322","","","","",""
"","","","","","","","0.6912928759894459","0.3474178403755869","","","","","","",""
"http://com.dataturks.a96-i23.open.s3.amazonaws.com/2c9fafb06477f4cb0164895548a600a3/f6beb3be-8cdf-41d7-8a79-c53dd98d72c4___retail-kGLE--621x414LiveMint.JPG.jpeg","Emotion_Happy","","","","","","0.45382585751978893","0.21767810026385223","621","414","null","1533196357000","1533196357000","0","HWbICv9u4uSnWrU830DjuF7FfMK2"
"","","","","","","","0.48988566402814426","0.3179419525065963","","","","","","",""
"","Emotion_Neutral","","","","","","0.5285839929639402","0.2598944591029024","621","414","","","","",""
"","","","","","","","0.5708003518029904","0.3403693931398417","","","","","","",""
"http://com.dataturks.a96-i23.open.s3.amazonaws.com/2c9fafb06477f4cb0164895548a600a3/434b43f7-b78e-4061-9be6-65bb007d5ab4____3ed23b8e-c099-11e7-9033-2159153d9ac6.jpg.jpeg","Not_Face","","","","","","0.544415127528584","0.2676056338028169","960","540","null","1531721313000","1531721313000","5","HWbICv9u4uSnWrU830DjuF7FfMK2"
"","","","","","","","0.5584872471416007","0.3082942097026604","","","","","","",""
"http://com.dataturks.a96-i23.open.s3.amazonaws.com/2c9fafb06477f4cb0164895548a600a3/99017c1c-5e5f-4d48-83b4-8394c0192bbd___coverstory6666_011216035412.jpg.jpeg","Age_above_50","Emotion_Neutral","E_Indian","G_Male","","","0.6244503078276166","0.1414141414141414","505","264","null","1531721146000","1531721146000","12","HWbICv9u4uSnWrU830DjuF7FfMK2"
"","","","","","","","0.67985927880387","0.26430976430976433","","","","","","",""
"http://com.dataturks.a96-i23.open.s3.amazonaws.com/2c9fafb06477f4cb0164895548a600a3/c03a28c2-985f-420d-9f81-d2d0b7e30d12___BigBazaar5.jpg.jpeg","Emotion_Happy","Age_20_30","E_Indian","G_Male","","","0.7449428320140721","0.14397496087636932","1920","1080","null","1531721127000","1531721127000","11","HWbICv9u4uSnWrU830DjuF7FfMK2"
"","","","","","","","0.8883025505716798","0.4616588419405321","","","","","","",""
"http://com.dataturks.a96-i23.open.s3.amazonaws.com/2c9fafb06477f4cb0164895548a600a3/0123f2ee-9cb7-481b-8561-236bf384854f___hqdefault.jpg.jpeg","Emotion_Neutral","Age_20_30","E_Indian","G_ Female","","","0.4731750219876869","0.15258215962441316","480","360","null","1531657605000","1531657605000","30","HWbICv9u4uSnWrU830DjuF7FfMK2"
"","","","","","","","0.5523306948109059","0.2640845070422535","","","","","","",""
"","Not_Face","","","","","","0.6851363236587511","0.29577464788732394","480","360","","","","",""
"","","","","","","","0.7211961301671064","0.352112676056338","","","","","","",""
"","Not_Face","","","","","","0.5628847845206685","0.2476525821596244","480","360","","","","",""
"","","","","","","","0.5910290237467019","0.29107981220657275","","","","","","",""
"http://com.dataturks.a96-i23.open.s3.amazonaws.com/2c9fafb06477f4cb0164895548a600a3/6a211931-c399-4ee1-ac4a-0f4977c8ff1b___1522722944_big-bazaar.jpg.jpeg","Emotion_Sad","Age_above_50","E_Indian","G_ Female","","","0.8663148636763413","0.10719131614654002","694","450","null","1531721180000","1531721180000","20","HWbICv9u4uSnWrU830DjuF7FfMK2"
"","","","","","","","0.9366754617414248","0.18453188602442333","","","","","","",""
"","Not_Face","","","","","","0.7255936675461742","0.07462686567164178","694","450","","","","",""
"","","","","","","","0.7713280562884784","0.1587516960651289","","","","","","",""
"http://com.dataturks.a96-i23.open.s3.amazonaws.com/2c9fafb06477f4cb0164895548a600a3/c5f6a301-f673-46a5-aa0a-37139369bdf9___maxresdefault1.jpg.jpeg","Not_Face","","","","","","0.34564643799472294","0.3114241001564945","1280","720","null","1531657744000","1531657744000","30","HWbICv9u4uSnWrU830DjuF7FfMK2"
"","","","","","","","0.3922603342128408","0.39280125195618154","","","","","","",""
"","Not_Face","","","","","","0.7387862796833773","0.29264475743348983","1280","720","","","","",""
"","","","","","","","0.7897977132805629","0.38810641627543035","","","","","","",""
"http://com.dataturks.a96-i23.open.s3.amazonaws.com/2c9fafb06477f4cb0164895548a600a3/d40e4b35-7bbf-47e1-afef-464e3ef09f2b___maxresdefault6.jpg.jpeg","Emotion_Neutral","Age_30_40","E_Indian","G_Male","","","0.5048372911169745","0.04538341158059468","1280","720","null","1531852606000","1531852606000","74","HWbICv9u4uSnWrU830DjuF7FfMK2"
"","","","","","","","0.5602462620932278","0.1705790297339593","","","","","","",""
"","Emotion_Neutral","Age_below20","E_Indian","G_Male","","","0.39577836411609496","0.40688575899843504","1280","720","","","","",""
"","","","","","","","0.4291996481970097","0.4757433489827856","","","","","","",""
"","Not_Face","","","","","","0.37730870712401055","0.15336463223787167","1280","720","","","","",""
"","","","","","","","0.41160949868073876","0.215962441314554","","","","","","",""
"","Not_Face","","","","","","0.6781002638522428","0.17214397496087636","1280","720","","","","",""
"","","","","","","","0.6983289357959542","0.20970266040688576","","","","","","",""
"","Not_Face","","","","","","0.5690413368513633","0.10641627543035993","1280","720","","","","",""
"","","","","","","","0.5989445910290238","0.16118935837245696","","","","","","",""
"","Not_Face","","","","","","0.7537379067722075","0.14397496087636932","1280","720","","","","",""
"","","","","","","","0.7669305189094108","0.17996870109546165","","","","","","",""
"","Not_Face","","","","","","0.6455584872471416","0.18622848200312989","1280","720","","","","",""
"","","","","","","","0.6675461741424802","0.23161189358372458","","","","","","",""
"http://com.dataturks.a96-i23.open.s3.amazonaws.com/2c9fafb06477f4cb0164895548a600a3/ea65cbe7-a1f7-4a90-a14b-76d488fbc93b___big-bazaar-retail-store-visit-by-manpreet-singh-digital-16-638.jpg.jpeg","Emotion_Neutral","Age_20_30","E_White","G_Male","","","0.5628847845206685","0.19293478260869565","638","826","null","1531584490000","1531584490000","97","HWbICv9u4uSnWrU830DjuF7FfMK2"
"","","","","","","","0.6402814423922604","0.2642663043478261","","","","","","",""
"http://com.dataturks.a96-i23.open.s3.amazonaws.com/2c9fafb06477f4cb0164895548a600a3/7a6e22ae-96c3-4e02-a6a0-4e11db10c4ee___final-big-bazaar-ppt-41-728.jpg.jpeg","Emotion_Neutral","Age_20_30","E_Indian","G_ Female","","","0.49076517150395776","0.6901408450704225","728","546","null","1531479216000","1531479216000","113","HWbICv9u4uSnWrU830DjuF7FfMK2"
"","","","","","","","0.6270888302550571","0.9295774647887324","","","","","","",""
"","Emotion_Neutral","Age_30_40","E_Indian","G_Male","","","0.28671943711521547","0.45305164319248825","728","546","","","","",""
"","","","","","","","0.3333333333333333","0.5164319248826291","","","","","","",""
"","Not_Face","","","","","","0.10466138962181179","0.5375586854460094","728","546","","","","",""
"","","","","","","","0.167985927880387","0.6103286384976526","","","","","","",""
"","Not_Face","","","","","","0.18997361477572558","0.46830985915492956","728","546","","","","",""
"","","","","","","","0.24626209322779244","0.5269953051643192","","","","","","",""
"","Not_Face","","","","","","0.37467018469656993","0.49178403755868544","728","546","","","","",""
"","","","","","","","0.4397537379067722","0.562206572769953","","","","","","",""
"","Not_Face","","","","","","0.06508355321020229","0.4154929577464789","728","546","","","","",""
"","","","","","","","0.11169744942832015","0.45422535211267606","","","","","","",""
"","Emotion_Neutral","Age_20_30","E_Indian","G_ Female","","","0.4124890061565523","0.5927230046948356","728","546","","","","",""
"","","","","","","","0.49076517150395776","0.6807511737089202","","","","","","",""
"","Emotion_Neutral","Age_20_30","E_Indian","G_ Female","","","0.22251539138082674","0.6373239436619719","728","546","","","","",""
"","","","","","","","0.3368513632365875","0.7734741784037559","","","","","","",""
"","Emotion_Neutral","Age_40_50","E_Indian","G_ Female","","","0.5919085312225154","0.5833333333333334","728","546","","","","",""
"","","","","","","","0.6587510993843447","0.6713615023474179","","","","","","",""
"","Emotion_Neutral","Age_40_50","E_Indian","G_Male","","","0.7431838170624451","0.5152582159624414","728","546","","","","",""
"","","","","","","","0.8293755496921724","0.6326291079812206","","","","","","",""
"","Emotion_Neutral","Age_30_40","E_Indian","G_ Female","","","0.0043975373790677225","0.602112676056338","728","546","","","","",""
"","","","","","","","0.05452946350043975","0.7265258215962441","","","","","","",""
"","Not_Face","","","","","","0.5171503957783641","0.5598591549295775","728","546","","","","",""
"","","","","","","","0.5611257695690414","0.6197183098591549","","","","","","",""
"","Not_Face","","","","","","0.9278803869832893","0.573943661971831","728","546","","","","",""
"","","","","","","","0.9824098504837291","0.647887323943662","","","","","","",""
"","Not_Face","","","","","","0.8346525945470537","0.6455399061032864","728","546","","","","",""
"","","","","","","","0.8883025505716798","0.7112676056338029","","","","","","",""
"","Not_Face","","","","","","0.613896218117854","0.45774647887323944","728","546","","","","",""
"","","","","","","","0.6402814423922604","0.5011737089201878","","","","","","",""
"","Not_Face","","","","","","0.9146877748460862","0.8509389671361502","728","546","","","","",""
"","","","","","","","0.9912049252418645","0.9964788732394366","","","","","","",""
"http://com.dataturks.a96-i23.open.s3.amazonaws.com/2c9fafb06477f4cb0164895548a600a3/270aa0c7-9d23-46cb-a610-1f739b56feec___fortuneindia2F2017-072Fc9bd3bb5-8f76-4b5d-83a4-b008e36575832Fimage.jpg.jpeg","Emotion_Happy","Age_40_50","E_Indian","G_Male","","","0.465259454705365","0.07519788918205805","1339","893","null","1531478965000","1531478965000","51","HWbICv9u4uSnWrU830DjuF7FfMK2"
"","","","","","","","0.534740545294635","0.18865435356200527","","","","","","",""
"","Emotion_Happy","Age_30_40","E_Indian","G_Male","","","0.3113456464379947","0.35356200527704484","1339","893","","","","",""
"","","","","","","","0.3438874230430959","0.3944591029023747","","","","","","",""
"","Emotion_Neutral","Age_20_30","E_Indian","G_Male","","","0.575197889182058","0.39841688654353563","1339","893","","","","",""
"","","","","","","","0.5892700087950747","0.4287598944591029","","","","","","",""
"","Emotion_Neutral","Age_30_40","E_Indian","G_Male","","","0.6174142480211082","0.36807387862796836","1339","893","","","","",""
"","","","","","","","0.6367634124890061","0.3997361477572559","","","","","","",""
"http://com.dataturks.a96-i23.open.s3.amazonaws.com/2c9fafb06477f4cb0164895548a600a3/be67ec22-0a70-4c36-963b-ebbe075427cd___gst-mrp-reuters-story_647_072717024703.jpg.jpeg","Emotion_Angry","Age_40_50","E_Indian","G_ Female","","","0.4678979771328056","0.15070422535211267","647","404","null","1531721006000","1531721006000","28","HWbICv9u4uSnWrU830DjuF7FfMK2"
"","","","","","","","0.5329815303430079","0.2943661971830986","","","","","","",""
"","Not_Face","","","","","","0.03605980650835532","0.12394366197183099","647","404","","","","",""
"","","","","","","","0.1090589270008795","0.21971830985915494","","","","","","",""
"http://com.dataturks.a96-i23.open.s3.amazonaws.com/2c9fafb06477f4cb0164895548a600a3/41c97126-141f-40c8-adee-1578a2f9c8c7___65917faa-438b-4f12-bf20-9a74a6123e3b.jpg.jpeg","Emotion_Happy","","","","","","0.19349164467897978","0.17546174142480211","1024","683","null","1533196317000","1533196317000","23","HWbICv9u4uSnWrU830DjuF7FfMK2"
"","","","","","","","0.2532981530343008","0.2678100263852243","","","","","","",""
"","Emotion_Sad","","","","","","0.49428320140721194","0.23614775725593667","1024","683","","","","",""
"","","","","","","","0.5672823218997362","0.341688654353562","","","","","","",""
"","Emotion_Angry","","","","","","0.3755496921723835","0.2994722955145119","1024","683","","","","",""
"","","","","","","","0.47053649956024624","0.43007915567282323","","","","","","",""
"http://com.dataturks.a96-i23.open.s3.amazonaws.com/2c9fafb06477f4cb0164895548a600a3/8f1771d6-6b53-43ea-8cb5-4a2b7e8d867d___textile.jpg.jpeg","Emotion_Neutral","Age_30_40","E_Indian","G_Male","","","0.523306948109059","0.3553113553113553","299","359","null","1531552291000","1531552291000","16","HWbICv9u4uSnWrU830DjuF7FfMK2"
"","","","","","","","0.5875109938434476","0.421978021978022","","","","","","",""
"http://com.dataturks.a96-i23.open.s3.amazonaws.com/2c9fafb06477f4cb0164895548a600a3/f56995bc-7a86-4569-b5c9-a47f4a15bbc2___genegen.jpg.jpeg","Emotion_Neutral","Age_20_30","E_Indian","G_Male","","","0.47757255936675463","0.06709677419354838","500","341","null","1531552327000","1531552327000","22","HWbICv9u4uSnWrU830DjuF7FfMK2"
"","","","","","","","0.5171503957783641","0.11870967741935484","","","","","","",""
"","Emotion_Neutral","Age_40_50","E_Indian","G_Male","","","0.7475813544415127","0.2503225806451613","500","341","","","","",""
"","","","","","","","0.7915567282321899","0.32","","","","","","",""
"http://com.dataturks.a96-i23.open.s3.amazonaws.com/2c9fafb06477f4cb0164895548a600a3/5fe4bf3f-0f99-4b63-a5e9-eeb3d599aef1___IMG_2456.jpg.jpeg","Emotion_Neutral","Age_20_30","E_Indian","G_ Female","","","0.0316622691292876","0.4953764861294584","1000","666","null","1531657939000","1531657939000","13","HWbICv9u4uSnWrU830DjuF7FfMK2"
"","","","","","","","0.06860158311345646","0.5495376486129459","","","","","","",""
"http://com.dataturks.a96-i23.open.s3.amazonaws.com/2c9fafb06477f4cb0164895548a600a3/4ba724e6-d7f7-4839-8bc9-b35e42c46378___kirana2_620.jpg.jpeg","Emotion_Neutral","Age_30_40","E_Indian","G_ Female","","","0.5919085312225154","0.36727272727272725","620","450","null","1531721042000","1531721042000","13","HWbICv9u4uSnWrU830DjuF7FfMK2"
"","","","","","","","0.6710642040457344","0.4921212121212121","","","","","","",""
"http://com.dataturks.a96-i23.open.s3.amazonaws.com/2c9fafb06477f4cb0164895548a600a3/ff83eee9-26e5-4c6f-94b5-e0522a4f611c___shopping.jpg.jpeg","Emotion_Happy","Age_20_30","E_White","G_ Female","","","0.29023746701846964","0.04654255319148936","674","446","null","1531658147000","1531658147000","31","HWbICv9u4uSnWrU830DjuF7FfMK2"
"","","","","","","","0.3887423043095866","0.2473404255319149","","","","","","",""
"","Emotion_Happy","Age_above_50","E_White","G_ Female","","","0.1785400175901495","0.04920212765957447","674","446","","","","",""
"","","","","","","","0.3245382585751979","0.3390957446808511","","","","","","",""
"http://com.dataturks.a96-i23.open.s3.amazonaws.com/2c9fafb06477f4cb0164895548a600a3/44af56c1-1452-47ef-95ee-cfc08a031714___Supermarket-Super-Bazaar-Meaning-Definition-Features.jpg.jpeg","Emotion_Happy","Age_20_30","E_White","G_ Female","","","0.5488126649076517","0.1279683377308707","640","427","null","1531721108000","1531721108000","0","HWbICv9u4uSnWrU830DjuF7FfMK2"
"","","","","","","","0.7097625329815304","0.3839050131926121","","","","","","",""
"http://com.dataturks.a96-i23.open.s3.amazonaws.com/2c9fafb06477f4cb0164895548a600a3/964fb100-5ba1-4005-a7b2-af7b0b6954a5___11retail2.jpg.jpeg","Emotion_Sad","Age_30_40","E_Indian","G_ Female","","","0.8240985048372911","0.1747448979591837","580","400","null","1531720837000","1531720837000","42","HWbICv9u4uSnWrU830DjuF7FfMK2"
"","","","","","","","0.8927000879507476","0.2729591836734694","","","","","","",""
"","Emotion_Neutral","Age_below20","E_Indian","G_ Female","","","0.503957783641161","0.27933673469387754","580","400","","","","",""
"","","","","","","","0.55584872471416","0.375","","","","","","",""
"","Emotion_Neutral","Age_30_40","E_Indian","G_Male","","","0.40281442392260336","0.1096938775510204","580","400","","","","",""
"","","","","","","","0.47405452946350046","0.24489795918367346","","","","","","",""
"http://com.dataturks.a96-i23.open.s3.amazonaws.com/2c9fafb06477f4cb0164895548a600a3/6c5f742b-70c3-4ed7-8b83-d9b5d3fa0f20___topimg_25369_grocery_shop.jpg.jpeg","Emotion_Neutral","Age_above_50","E_Indian","G_Male","","","0.4635004397537379","0.23482849604221637","900","600","null","1531657821000","1531657821000","36","HWbICv9u4uSnWrU830DjuF7FfMK2"
"","","","","","","","0.5171503957783641","0.33641160949868076","","","","","","",""
"http://com.dataturks.a96-i23.open.s3.amazonaws.com/2c9fafb06477f4cb0164895548a600a3/2ac259f5-bda9-4125-9988-fc4adbd3f840___656311-fdiretail.jpg.jpeg","Emotion_Neutral","Age_30_40","E_Indian","G_Male","","","0.2638522427440633","0.2033898305084746","700","400","null","1531478773000","1531478773000","8","HWbICv9u4uSnWrU830DjuF7FfMK2"
"","","","","","","","0.3289357959542656","0.33281972265023113","","","","","","",""
"","Emotion_Neutral","Age_30_40","E_Indian","G_ Female","","","0.158311345646438","0.2850539291217257","700","400","","","","",""
"","","","","","","","0.23306948109058928","0.37750385208012327","","","","","","",""
"http://com.dataturks.a96-i23.open.s3.amazonaws.com/2c9fafb06477f4cb0164895548a600a3/7ace4ea7-3f2a-4666-b7aa-12245c75ecbe___indian-lady-buying-trolley-load-of-consumable-goods-from-mall-shop-F3FDGN.jpg.jpeg","Emotion_Neutral","Age_20_30","E_Indian","G_ Female","","","0.5338610378188214","0.21546052631578946","866","1390","null","1531479236000","1531479236000","16","HWbICv9u4uSnWrU830DjuF7FfMK2"
"","","","","","","","0.6218117854001759","0.2993421052631579","","","","","","",""
"http://com.dataturks.a96-i23.open.s3.amazonaws.com/2c9fafb06477f4cb0164895548a600a3/f026a1aa-b207-48c1-a465-ad48204c7edf___1460097161_11205971_10156274221345523_4174415303604685271_n.jpg.jpeg","Not_Face","","","","","","0.335971855760774","0.4165016501650165","720","960","null","1531983180000","1531983180000","9","HWbICv9u4uSnWrU830DjuF7FfMK2"
"","","","","","","","0.43535620052770446","0.4752475247524752","","","","","","",""
"","Not_Face","","","","","","0.5400175901495162","0.4521452145214521","720","960","","","","",""
"","","","","","","","0.6165347405452947","0.5135313531353135","","","","","","",""
"http://com.dataturks.a96-i23.open.s3.amazonaws.com/2c9fafb06477f4cb0164895548a600a3/0cf30c32-c043-4ae1-b702-8b35610072d7___man-shopping-in-a-street-market-new-delhi-india-CYRWHF.jpg.jpeg","Not_Face","","","","","","0.14335971855760773","0.3063170441001192","1300","960","null","1531721028000","1531721028000","6","HWbICv9u4uSnWrU830DjuF7FfMK2"
"","","","","","","","0.22163588390501318","0.4410011918951132","","","","","","",""
"http://com.dataturks.a96-i23.open.s3.amazonaws.com/2c9fafb06477f4cb0164895548a600a3/c5db7a10-e865-4923-9baa-e3d5b770afe8___supermarket-first-image-.jpg.jpeg","Emotion_Neutral","","","","","","0.12576956904133685","0.030343007915567283","9400","6266","null","1533196328000","1533196328000","6","HWbICv9u4uSnWrU830DjuF7FfMK2"
"","","","","","","","0.297273526824978","0.34564643799472294","","","","","","",""
"http://com.dataturks.a96-i23.open.s3.amazonaws.com/2c9fafb06477f4cb0164895548a600a3/71bd6866-694c-49b7-960b-fe13472aac6d___ToysRUs-Little-People-Skyway-051917-750x536.jpg.jpeg","Not_Face","","","","","","0.22427440633245382","0.29433497536945813","750","536","null","1531479601000","1531479601000","16","HWbICv9u4uSnWrU830DjuF7FfMK2"
"","","","","","","","0.3562005277044855","0.4667487684729064","","","","","","",""
"","Not_Face","","","","","","0.08619173262972735","0.2647783251231527","750","536","","","","",""
"","","","","","","","0.15391380826737028","0.3485221674876847","","","","","","",""
"","Not_Face","","","","","","0.6605101143359718","0.25738916256157635","750","536","","","","",""
"","","","","","","","0.7009674582233949","0.33374384236453203","","","","","","",""
"http://com.dataturks.a96-i23.open.s3.amazonaws.com/2c9fafb06477f4cb0164895548a600a3/e985e50b-78a9-497f-8709-23f0da9386d5___238FE1BA00000578-2852381-Something_for_the_kids_Toys_R_Us_is_one_of_the_many_stores_openi-9_1417209989016.jpg.jpeg","Emotion_Neutral","Age_20_30","E_White","G_ Female","","","0.08091468777484609","0.41350210970464135","962","602","null","1531479381000","1531479381000","40","HWbICv9u4uSnWrU830DjuF7FfMK2"
"","","","","","","","0.13984168865435356","0.5274261603375527","","","","","","",""
"","Emotion_Happy","Age_30_40","E_Black","G_Male","","","0.1565523306948109","0.28973277074542897","962","602","","","","",""
"","","","","","","","0.22691292875989447","0.4149085794655415","","","","","","",""
"","Emotion_Happy","Age_30_40","E_Black","G_ Female","","","0.415127528583993","0.14627285513361463","962","602","","","","",""
"","","","","","","","0.5162708883025505","0.2869198312236287","","","","","","",""
"","Emotion_Happy","Age_below20","E_White","G_Male","","","0.33157431838170626","0.4669479606188467","962","602","","","","",""
"","","","","","","","0.3843447669305189","0.5555555555555556","","","","","","",""
"http://com.dataturks.a96-i23.open.s3.amazonaws.com/2c9fafb06477f4cb0164895548a600a3/d90ee4b2-507d-4e7e-90bf-2f0baf639ad5___143-176753-kid-girl-toy-store-duck-1505835760.jpg.jpeg","Not_Face","","","","","","0.20580474934036938","0.3519061583577713","750","450","null","1531479083000","1531479083000","7","HWbICv9u4uSnWrU830DjuF7FfMK2"
"","","","","","","","0.5048372911169745","0.7888563049853372","","","","","","",""
"http://com.dataturks.a96-i23.open.s3.amazonaws.com/2c9fafb06477f4cb0164895548a600a3/8f4ed14b-c60b-45f6-8fdd-73d0732deea7___toys-r-us-Issac-Larian_840x480.jpg.jpeg","Emotion_Happy","Age_above_50","E_White","G_Male","","","0.16547619047619047","0","840","480","null","1531379951000","1531379951000","344","HWbICv9u4uSnWrU830DjuF7FfMK2"
"","","","","","","","0.4666666666666667","0.7666666666666667","","","","","","",""
